<?xml version="1.0" encoding="UTF-8"?>
<!--
 This is a WordPress eXtended RSS file generated by WordPress as an export of your site.
 It contains information about your site's posts, pages, comments, categories, and other content.
 You may use this file to transfer that content from one site to another.
 This file is not intended to serve as a complete backup of your site.

 To import this information into a WordPress site follow these steps:
 1. Log in to that site as an administrator.
 2. Go to Tools: Import in the WordPress admin panel.
 3. Install the "WordPress" importer from the list.
 4. Activate & Run Importer.
 5. Upload this file using the form provided on that page.
 6. You will first be asked to map the authors in this export file to users
    on the site. For each author, you may choose to map to an
    existing user on the site or to create a new user.
 7. WordPress will then import each of the posts, pages, comments, categories, etc.
    contained in this file into your site.
-->
<!-- generator="WordPress.com" created="2025-02-13 13:32"-->
<rss version="2.0" xmlns:excerpt="http://wordpress.org/export/1.2/excerpt/" xmlns:content="http://purl.org/rss/1.0/modules/content/" xmlns:wfw="http://wellformedweb.org/CommentAPI/" xmlns:dc="http://purl.org/dc/elements/1.1/" xmlns:wp="http://wordpress.org/export/1.2/">
  <channel>
<title>Ariana Garzón</title>
<link>https://arianagarzoncedeno.wordpress.com</link>
<description/>
<pubDate>Thu, 13 Feb 2025 13:32:51 +0000</pubDate>
<language>es</language>
<wp:wxr_version>1.2</wp:wxr_version>
<wp:base_site_url>http://wordpress.com/</wp:base_site_url>
<wp:base_blog_url>https://arianagarzoncedeno.wordpress.com</wp:base_blog_url>
<wp:author>
  <wp:author_id>261362864</wp:author_id>
  <wp:author_login>arianagarzon123</wp:author_login>
  <wp:author_email>arianagarzon123@gmail.com</wp:author_email>
  <wp:author_display_name><![CDATA[Ariana Garzon]]></wp:author_display_name>
  <wp:author_first_name><![CDATA[Ariana]]></wp:author_first_name>
  <wp:author_last_name><![CDATA[Garzon]]></wp:author_last_name>
</wp:author>
<wp:category>
  <wp:term_id>1</wp:term_id>
  <wp:category_nicename>uncategorized</wp:category_nicename>
  <wp:category_parent/>
  <wp:cat_name><![CDATA[Uncategorized]]></wp:cat_name>
</wp:category>
<generator>http://wordpress.com/</generator>
<image>
		<url>http://s0.wp.com/i/buttonw-com.png</url>
		<title>Ariana Garzón</title>
		<link>https://arianagarzoncedeno.wordpress.com</link>
	</image>
	<item>
  <title><![CDATA[Sobre Mi]]></title>
  <link>https://arianagarzoncedeno.wordpress.com/about/</link>
  <pubDate>Tue, 28 Jan 2025 17:01:04 +0000</pubDate>
  <dc:creator>arianagarzon123</dc:creator>
  <guid isPermaLink="false">http://arianagarzoncedeno.wordpress.com/?page_id=1</guid>
  <description/>
  <content:encoded><![CDATA[<!-- wp:media-text {"mediaId":44,"mediaLink":"https://arianagarzoncedeno.wordpress.com/about/ariana-garzon-7/","mediaType":"image","mediaWidth":46} -->
<div class="wp-block-media-text is-stacked-on-mobile" style="grid-template-columns:46% auto"><figure class="wp-block-media-text__media"><img src="https://arianagarzoncedeno.wordpress.com/wp-content/uploads/2025/02/ariana-garzon-6.jpg?w=606" alt="" class="wp-image-44 size-full" /></figure><div class="wp-block-media-text__content"><!-- wp:paragraph {"placeholder":"Contenido…"} -->
<p>Me considero una persona con fácil adaptabilidad para trabajar en cualquier tipo de entorno, me apasiona las redes sociales &amp; el mundo digital, tengo buen desempeño en las tareas que me asignan y se trabajar en equipo, soy una persona capaz de resolver cualquier tipo de problema y ayudo a quienes lo necesitan.</p>
<!-- /wp:paragraph --></div></div>
<!-- /wp:media-text -->

<!-- wp:columns -->
<div class="wp-block-columns"><!-- wp:column -->
<div class="wp-block-column"><!-- wp:details -->
<details class="wp-block-details"><summary>Educación</summary><!-- wp:list -->
<ul class="wp-block-list"><!-- wp:list-item -->
<li>Tecnólogo en Marketing Digital &amp; Comercio Electrónico. Instituto Universitario Cordillera | Abril 2024 - En curso</li>
<!-- /wp:list-item -->

<!-- wp:list-item -->
<li>Bachiller en Ciencias Instituto Nacional Mejía | 2021</li>
<!-- /wp:list-item --></ul>
<!-- /wp:list --></details>
<!-- /wp:details --></div>
<!-- /wp:column -->

<!-- wp:column -->
<div class="wp-block-column"><!-- wp:details -->
<details class="wp-block-details"><summary>Experiencia laboral </summary><!-- wp:paragraph {"placeholder":"Teclea / para añadir un bloque oculto"} -->
<p>#</p>
<!-- /wp:paragraph -->

<!-- wp:paragraph -->
<p>#</p>
<!-- /wp:paragraph --></details>
<!-- /wp:details --></div>
<!-- /wp:column -->

<!-- wp:column -->
<div class="wp-block-column"><!-- wp:details -->
<details class="wp-block-details"><summary>Certificaciones</summary><!-- wp:list -->
<ul class="wp-block-list"><!-- wp:list-item -->
<li>Certificado en Google Analytics Básico Google Skillshop Enero 2025 </li>
<!-- /wp:list-item --></ul>
<!-- /wp:list -->

<!-- wp:list -->
<ul class="wp-block-list"><!-- wp:list-item -->
<li>Certificado de Marketing de Contenidos HubSpot Agosto 2024</li>
<!-- /wp:list-item -->

<!-- wp:list-item -->
<li>Certificado en Instituto libre de violencia de género contra las mujeres Febrero 2025 </li>
<!-- /wp:list-item --></ul>
<!-- /wp:list --></details>
<!-- /wp:details --></div>
<!-- /wp:column --></div>
<!-- /wp:columns -->

<!-- wp:table -->
<figure class="wp-block-table"><table class="has-fixed-layout"><tbody><tr><td>Idioma </td><td>Nivel</td></tr><tr><td>Español</td><td>Nativo</td></tr><tr><td>Ingles </td><td>Básico</td></tr></tbody></table></figure>
<!-- /wp:table -->]]></content:encoded>
  <excerpt:encoded><![CDATA[]]></excerpt:encoded>
  <wp:post_id>1</wp:post_id>
  <wp:post_date>2025-01-28 17:01:04</wp:post_date>
  <wp:post_date_gmt>2025-01-28 17:01:04</wp:post_date_gmt>
  <wp:post_modified>2025-02-10 16:09:25</wp:post_modified>
  <wp:post_modified_gmt>2025-02-10 21:09:25</wp:post_modified_gmt>
  <wp:comment_status>closed</wp:comment_status>
  <wp:ping_status>open</wp:ping_status>
  <wp:post_name>about</wp:post_name>
  <wp:status>publish</wp:status>
  <wp:post_parent>0</wp:post_parent>
  <wp:menu_order>0</wp:menu_order>
  <wp:post_type>page</wp:post_type>
  <wp:post_password/>
  <wp:is_sticky>0</wp:is_sticky>
  <wp:postmeta>
    <wp:meta_key>_wp_page_template</wp:meta_key>
    <wp:meta_value><![CDATA[default]]></wp:meta_value>
  </wp:postmeta>
  <wp:postmeta>
    <wp:meta_key>_elasticsearch_data_sharing_indexed_on</wp:meta_key>
    <wp:meta_value><![CDATA[2025-01-28 17:01:07]]></wp:meta_value>
  </wp:postmeta>
  <wp:postmeta>
    <wp:meta_key>_g_feedback_shortcode_87911d1aed509877b83a48ec536f768cdcd22df1</wp:meta_key>
    <wp:meta_value><![CDATA[
				[contact-field label="Nombre" type="name"  required="true" /]
				[contact-field label="Correo electrónico" type="email" required="true" /]
				[contact-field label="Web" type="url" /]
				[contact-field label="Mensaje" type="textarea" /]]]></wp:meta_value>
  </wp:postmeta>
  <wp:postmeta>
    <wp:meta_key>_g_feedback_shortcode_atts_87911d1aed509877b83a48ec536f768cdcd22df1</wp:meta_key>
    <wp:meta_value><![CDATA[a:17:{s:2:"to";s:25:"arianagarzon123@gmail.com";s:7:"subject";s:25:"[Ariana Garzón] Sobre Mi";s:12:"show_subject";s:2:"no";s:6:"widget";i:0;s:14:"block_template";N;s:19:"block_template_part";N;s:2:"id";i:1;s:18:"submit_button_text";s:6:"Enviar";s:14:"customThankyou";s:0:"";s:21:"customThankyouHeading";s:24:"Se ha enviado tu mensaje";s:21:"customThankyouMessage";s:24:"¡Gracias por tu envío!";s:22:"customThankyouRedirect";s:0:"";s:10:"jetpackCRM";b:1;s:9:"className";N;s:9:"postToUrl";N;s:14:"salesforceData";N;s:12:"hiddenFields";N;}]]></wp:meta_value>
  </wp:postmeta>
  <wp:postmeta>
    <wp:meta_key>_last_editor_used_jetpack</wp:meta_key>
    <wp:meta_value><![CDATA[block-editor]]></wp:meta_value>
  </wp:postmeta>
</item>
<item>
  <title><![CDATA[El arte de la conexión]]></title>
  <link>https://arianagarzoncedeno.wordpress.com/2025/01/28/el-arte-de-la-conexion/</link>
  <pubDate>Tue, 28 Jan 2025 16:56:17 +0000</pubDate>
  <dc:creator>arianagarzon123</dc:creator>
  <guid isPermaLink="false">https://arianagarzoncedeno.wordpress.com/2025/01/28/el-arte-de-la-conexion/</guid>
  <description/>
  <content:encoded><![CDATA[<!-- wp:paragraph -->
<p>Te damos la bienvenida a WordPress. Esta es una entrada de ejemplo. Empieza tu andadura en el mundo bloguero editándola o borrándola. Para añadir más contenido aquí, haz clic en el pequeño icono del signo más situado en la esquina superior izquierda. Allí encontrarás una selección de bloques y patrones de WordPress que se adaptan a todas tus necesidades de creación de contenidos. Y no te olvides de echar un vistazo a la vista de lista: haz clic en el icono que hay unos puntos a la derecha del icono del signo más y obtendrás una lista ordenada y fácil de ver de los bloques y patrones de tu entrada.</p>
<!-- /wp:paragraph -->]]></content:encoded>
  <excerpt:encoded><![CDATA[En un mundo en constante evolución, el arte de forjar conexiones genuinas sigue siendo atemporal. Ya sea con compañeros, clientes o socios, establecer una relación auténtica allana el camino hacia el éxito de la colaboración.]]></excerpt:encoded>
  <wp:post_id>4</wp:post_id>
  <wp:post_date>2025-01-28 11:56:17</wp:post_date>
  <wp:post_date_gmt>2025-01-28 16:56:17</wp:post_date_gmt>
  <wp:post_modified>2025-01-28 11:56:17</wp:post_modified>
  <wp:post_modified_gmt>2025-01-28 16:56:17</wp:post_modified_gmt>
  <wp:comment_status>closed</wp:comment_status>
  <wp:ping_status>closed</wp:ping_status>
  <wp:post_name>el-arte-de-la-conexion</wp:post_name>
  <wp:status>publish</wp:status>
  <wp:post_parent>0</wp:post_parent>
  <wp:menu_order>0</wp:menu_order>
  <wp:post_type>post</wp:post_type>
  <wp:post_password/>
  <wp:is_sticky>0</wp:is_sticky>
  <category domain="category" nicename="uncategorized"><![CDATA[Uncategorized]]></category>
  <wp:postmeta>
    <wp:meta_key>_wpas_skip_all_services</wp:meta_key>
    <wp:meta_value><![CDATA[1]]></wp:meta_value>
  </wp:postmeta>
  <wp:postmeta>
    <wp:meta_key>_hs_old_id</wp:meta_key>
    <wp:meta_value><![CDATA[]]></wp:meta_value>
  </wp:postmeta>
  <wp:postmeta>
    <wp:meta_key>_starter_page_template</wp:meta_key>
    <wp:meta_value><![CDATA[]]></wp:meta_value>
  </wp:postmeta>
  <wp:postmeta>
    <wp:meta_key>switch_like_status</wp:meta_key>
    <wp:meta_value><![CDATA[a:1:{i:0;N;}]]></wp:meta_value>
  </wp:postmeta>
  <wp:postmeta>
    <wp:meta_key>sharing_disabled</wp:meta_key>
    <wp:meta_value><![CDATA[a:1:{i:0;N;}]]></wp:meta_value>
  </wp:postmeta>
  <wp:postmeta>
    <wp:meta_key>_headstart_post</wp:meta_key>
    <wp:meta_value><![CDATA[_hs_extra]]></wp:meta_value>
  </wp:postmeta>
  <wp:postmeta>
    <wp:meta_key>_publicize_pending</wp:meta_key>
    <wp:meta_value><![CDATA[1]]></wp:meta_value>
  </wp:postmeta>
  <wp:postmeta>
    <wp:meta_key>_thumbnail_id</wp:meta_key>
    <wp:meta_value><![CDATA[10]]></wp:meta_value>
  </wp:postmeta>
  <wp:postmeta>
    <wp:meta_key>_elasticsearch_data_sharing_indexed_on</wp:meta_key>
    <wp:meta_value><![CDATA[2025-01-28 17:01:27]]></wp:meta_value>
  </wp:postmeta>
</item>
<item>
  <title><![CDATA[Custom Styles]]></title>
  <link>https://arianagarzoncedeno.wordpress.com/2025/01/28/wp-global-styles-pub%2ffewer/</link>
  <pubDate>Tue, 28 Jan 2025 17:01:14 +0000</pubDate>
  <dc:creator>arianagarzon123</dc:creator>
  <guid isPermaLink="false">https://arianagarzoncedeno.wordpress.com/2025/01/28/wp-global-styles-pub%2ffewer/</guid>
  <description/>
  <content:encoded><![CDATA[{"version":3,"isGlobalStylesUserThemeJSON":true}]]></content:encoded>
  <excerpt:encoded><![CDATA[]]></excerpt:encoded>
  <wp:post_id>3</wp:post_id>
  <wp:post_date>2025-01-28 12:01:14</wp:post_date>
  <wp:post_date_gmt>2025-01-28 17:01:14</wp:post_date_gmt>
  <wp:post_modified>2025-01-28 12:01:14</wp:post_modified>
  <wp:post_modified_gmt>2025-01-28 17:01:14</wp:post_modified_gmt>
  <wp:comment_status>closed</wp:comment_status>
  <wp:ping_status>closed</wp:ping_status>
  <wp:post_name>wp-global-styles-pub%2ffewer</wp:post_name>
  <wp:status>publish</wp:status>
  <wp:post_parent>0</wp:post_parent>
  <wp:menu_order>0</wp:menu_order>
  <wp:post_type>wp_global_styles</wp:post_type>
  <wp:post_password/>
  <wp:is_sticky>0</wp:is_sticky>
  <category domain="wp_theme" nicename="fewer"><![CDATA[fewer]]></category>
  <wp:postmeta>
    <wp:meta_key>_publicize_pending</wp:meta_key>
    <wp:meta_value><![CDATA[1]]></wp:meta_value>
  </wp:postmeta>
</item>
<item>
  <title><![CDATA[Más allá del obstáculo]]></title>
  <link>https://arianagarzoncedeno.wordpress.com/2025/01/28/mas-alla-del-obstaculo/</link>
  <pubDate>Tue, 28 Jan 2025 16:56:16 +0000</pubDate>
  <dc:creator>arianagarzon123</dc:creator>
  <guid isPermaLink="false">https://arianagarzoncedeno.wordpress.com/2025/01/28/mas-alla-del-obstaculo/</guid>
  <description/>
  <content:encoded><![CDATA[<!-- wp:paragraph -->
<p>Te damos la bienvenida a WordPress. Esta es una entrada de ejemplo. Empieza tu andadura en el mundo bloguero editándola o borrándola. Para añadir más contenido aquí, haz clic en el pequeño icono del signo más situado en la esquina superior izquierda. Allí encontrarás una selección de bloques y patrones de WordPress que se adaptan a todas tus necesidades de creación de contenidos. Y no te olvides de echar un vistazo a la vista de lista: haz clic en el icono que hay unos puntos a la derecha del icono del signo más y obtendrás una lista ordenada y fácil de ver de los bloques y patrones de tu entrada.</p>
<!-- /wp:paragraph -->]]></content:encoded>
  <excerpt:encoded><![CDATA[Los retos en los negocios son un hecho, pero es nuestra respuesta a ellos lo que define nuestra trayectoria. Mirando más allá del obstáculo inmediato, existe un reino de oportunidades y aprendizaje.]]></excerpt:encoded>
  <wp:post_id>5</wp:post_id>
  <wp:post_date>2025-01-28 11:56:16</wp:post_date>
  <wp:post_date_gmt>2025-01-28 16:56:16</wp:post_date_gmt>
  <wp:post_modified>2025-01-28 11:56:16</wp:post_modified>
  <wp:post_modified_gmt>2025-01-28 16:56:16</wp:post_modified_gmt>
  <wp:comment_status>closed</wp:comment_status>
  <wp:ping_status>closed</wp:ping_status>
  <wp:post_name>mas-alla-del-obstaculo</wp:post_name>
  <wp:status>publish</wp:status>
  <wp:post_parent>0</wp:post_parent>
  <wp:menu_order>0</wp:menu_order>
  <wp:post_type>post</wp:post_type>
  <wp:post_password/>
  <wp:is_sticky>0</wp:is_sticky>
  <category domain="category" nicename="uncategorized"><![CDATA[Uncategorized]]></category>
  <wp:postmeta>
    <wp:meta_key>_headstart_post</wp:meta_key>
    <wp:meta_value><![CDATA[_hs_extra]]></wp:meta_value>
  </wp:postmeta>
  <wp:postmeta>
    <wp:meta_key>sharing_disabled</wp:meta_key>
    <wp:meta_value><![CDATA[a:1:{i:0;N;}]]></wp:meta_value>
  </wp:postmeta>
  <wp:postmeta>
    <wp:meta_key>switch_like_status</wp:meta_key>
    <wp:meta_value><![CDATA[a:1:{i:0;N;}]]></wp:meta_value>
  </wp:postmeta>
  <wp:postmeta>
    <wp:meta_key>_starter_page_template</wp:meta_key>
    <wp:meta_value><![CDATA[]]></wp:meta_value>
  </wp:postmeta>
  <wp:postmeta>
    <wp:meta_key>_hs_old_id</wp:meta_key>
    <wp:meta_value><![CDATA[]]></wp:meta_value>
  </wp:postmeta>
  <wp:postmeta>
    <wp:meta_key>_wpas_skip_all_services</wp:meta_key>
    <wp:meta_value><![CDATA[1]]></wp:meta_value>
  </wp:postmeta>
  <wp:postmeta>
    <wp:meta_key>_publicize_pending</wp:meta_key>
    <wp:meta_value><![CDATA[1]]></wp:meta_value>
  </wp:postmeta>
  <wp:postmeta>
    <wp:meta_key>_elasticsearch_data_sharing_indexed_on</wp:meta_key>
    <wp:meta_value><![CDATA[2025-01-28 17:01:27]]></wp:meta_value>
  </wp:postmeta>
  <wp:postmeta>
    <wp:meta_key>_thumbnail_id</wp:meta_key>
    <wp:meta_value><![CDATA[11]]></wp:meta_value>
  </wp:postmeta>
</item>
<item>
  <title><![CDATA[Crecimiento desbloqueado]]></title>
  <link>https://arianagarzoncedeno.wordpress.com/2025/01/28/crecimiento-desbloqueado/</link>
  <pubDate>Tue, 28 Jan 2025 16:56:15 +0000</pubDate>
  <dc:creator>arianagarzon123</dc:creator>
  <guid isPermaLink="false">https://arianagarzoncedeno.wordpress.com/2025/01/28/crecimiento-desbloqueado/</guid>
  <description/>
  <content:encoded><![CDATA[<!-- wp:paragraph -->
<p>Te damos la bienvenida a WordPress. Esta es una entrada de ejemplo. Empieza tu andadura en el mundo bloguero editándola o borrándola. Para añadir más contenido aquí, haz clic en el pequeño icono del signo más situado en la esquina superior izquierda. Allí encontrarás una selección de bloques y patrones de WordPress que se adaptan a todas tus necesidades de creación de contenidos. Y no te olvides de echar un vistazo a la vista de lista: haz clic en el icono que hay unos puntos a la derecha del icono del signo más y obtendrás una lista ordenada y fácil de ver de los bloques y patrones de tu entrada.</p>
<!-- /wp:paragraph -->]]></content:encoded>
  <excerpt:encoded><![CDATA[Cada empresa tiene un potencial único que espera ser aprovechado. Reconocer las claves para desbloquear este crecimiento puede encaminar a una empresa hacia un éxito sin precedentes.]]></excerpt:encoded>
  <wp:post_id>6</wp:post_id>
  <wp:post_date>2025-01-28 11:56:15</wp:post_date>
  <wp:post_date_gmt>2025-01-28 16:56:15</wp:post_date_gmt>
  <wp:post_modified>2025-01-28 11:56:15</wp:post_modified>
  <wp:post_modified_gmt>2025-01-28 16:56:15</wp:post_modified_gmt>
  <wp:comment_status>closed</wp:comment_status>
  <wp:ping_status>closed</wp:ping_status>
  <wp:post_name>crecimiento-desbloqueado</wp:post_name>
  <wp:status>publish</wp:status>
  <wp:post_parent>0</wp:post_parent>
  <wp:menu_order>0</wp:menu_order>
  <wp:post_type>post</wp:post_type>
  <wp:post_password/>
  <wp:is_sticky>0</wp:is_sticky>
  <category domain="category" nicename="uncategorized"><![CDATA[Uncategorized]]></category>
  <wp:postmeta>
    <wp:meta_key>_headstart_post</wp:meta_key>
    <wp:meta_value><![CDATA[_hs_extra]]></wp:meta_value>
  </wp:postmeta>
  <wp:postmeta>
    <wp:meta_key>sharing_disabled</wp:meta_key>
    <wp:meta_value><![CDATA[a:1:{i:0;N;}]]></wp:meta_value>
  </wp:postmeta>
  <wp:postmeta>
    <wp:meta_key>switch_like_status</wp:meta_key>
    <wp:meta_value><![CDATA[a:1:{i:0;N;}]]></wp:meta_value>
  </wp:postmeta>
  <wp:postmeta>
    <wp:meta_key>_starter_page_template</wp:meta_key>
    <wp:meta_value><![CDATA[]]></wp:meta_value>
  </wp:postmeta>
  <wp:postmeta>
    <wp:meta_key>_hs_old_id</wp:meta_key>
    <wp:meta_value><![CDATA[]]></wp:meta_value>
  </wp:postmeta>
  <wp:postmeta>
    <wp:meta_key>_wpas_skip_all_services</wp:meta_key>
    <wp:meta_value><![CDATA[1]]></wp:meta_value>
  </wp:postmeta>
  <wp:postmeta>
    <wp:meta_key>_publicize_pending</wp:meta_key>
    <wp:meta_value><![CDATA[1]]></wp:meta_value>
  </wp:postmeta>
  <wp:postmeta>
    <wp:meta_key>_elasticsearch_data_sharing_indexed_on</wp:meta_key>
    <wp:meta_value><![CDATA[2025-01-28 17:01:27]]></wp:meta_value>
  </wp:postmeta>
  <wp:postmeta>
    <wp:meta_key>_thumbnail_id</wp:meta_key>
    <wp:meta_value><![CDATA[12]]></wp:meta_value>
  </wp:postmeta>
</item>
<item>
  <title><![CDATA[Magia de la colaboración]]></title>
  <link>https://arianagarzoncedeno.wordpress.com/2025/01/28/magia-de-la-colaboracion/</link>
  <pubDate>Tue, 28 Jan 2025 16:56:14 +0000</pubDate>
  <dc:creator>arianagarzon123</dc:creator>
  <guid isPermaLink="false">https://arianagarzoncedeno.wordpress.com/2025/01/28/magia-de-la-colaboracion/</guid>
  <description/>
  <content:encoded><![CDATA[<!-- wp:paragraph -->
<p>Te damos la bienvenida a WordPress. Esta es una entrada de ejemplo. Empieza tu andadura en el mundo bloguero editándola o borrándola. Para añadir más contenido aquí, haz clic en el pequeño icono del signo más situado en la esquina superior izquierda. Allí encontrarás una selección de bloques y patrones de WordPress que se adaptan a todas tus necesidades de creación de contenidos. Y no te olvides de echar un vistazo a la vista de lista: haz clic en el icono que hay unos puntos a la derecha del icono del signo más y obtendrás una lista ordenada y fácil de ver de los bloques y patrones de tu entrada.</p>
<!-- /wp:paragraph -->]]></content:encoded>
  <excerpt:encoded><![CDATA[La magia que surge de una colaboración eficaz es innegable. Cuando convergen mentes diversas con un propósito común, los resultados pueden ser transformadores.]]></excerpt:encoded>
  <wp:post_id>7</wp:post_id>
  <wp:post_date>2025-01-28 11:56:14</wp:post_date>
  <wp:post_date_gmt>2025-01-28 16:56:14</wp:post_date_gmt>
  <wp:post_modified>2025-01-28 11:56:14</wp:post_modified>
  <wp:post_modified_gmt>2025-01-28 16:56:14</wp:post_modified_gmt>
  <wp:comment_status>closed</wp:comment_status>
  <wp:ping_status>closed</wp:ping_status>
  <wp:post_name>magia-de-la-colaboracion</wp:post_name>
  <wp:status>publish</wp:status>
  <wp:post_parent>0</wp:post_parent>
  <wp:menu_order>0</wp:menu_order>
  <wp:post_type>post</wp:post_type>
  <wp:post_password/>
  <wp:is_sticky>0</wp:is_sticky>
  <category domain="category" nicename="uncategorized"><![CDATA[Uncategorized]]></category>
  <wp:postmeta>
    <wp:meta_key>_headstart_post</wp:meta_key>
    <wp:meta_value><![CDATA[_hs_extra]]></wp:meta_value>
  </wp:postmeta>
  <wp:postmeta>
    <wp:meta_key>sharing_disabled</wp:meta_key>
    <wp:meta_value><![CDATA[a:1:{i:0;N;}]]></wp:meta_value>
  </wp:postmeta>
  <wp:postmeta>
    <wp:meta_key>switch_like_status</wp:meta_key>
    <wp:meta_value><![CDATA[a:1:{i:0;N;}]]></wp:meta_value>
  </wp:postmeta>
  <wp:postmeta>
    <wp:meta_key>_starter_page_template</wp:meta_key>
    <wp:meta_value><![CDATA[]]></wp:meta_value>
  </wp:postmeta>
  <wp:postmeta>
    <wp:meta_key>_hs_old_id</wp:meta_key>
    <wp:meta_value><![CDATA[]]></wp:meta_value>
  </wp:postmeta>
  <wp:postmeta>
    <wp:meta_key>_wpas_skip_all_services</wp:meta_key>
    <wp:meta_value><![CDATA[1]]></wp:meta_value>
  </wp:postmeta>
  <wp:postmeta>
    <wp:meta_key>_publicize_pending</wp:meta_key>
    <wp:meta_value><![CDATA[1]]></wp:meta_value>
  </wp:postmeta>
  <wp:postmeta>
    <wp:meta_key>_elasticsearch_data_sharing_indexed_on</wp:meta_key>
    <wp:meta_value><![CDATA[2025-01-28 17:01:27]]></wp:meta_value>
  </wp:postmeta>
  <wp:postmeta>
    <wp:meta_key>_thumbnail_id</wp:meta_key>
    <wp:meta_value><![CDATA[13]]></wp:meta_value>
  </wp:postmeta>
</item>
<item>
  <title><![CDATA[Triunfo del trabajo en equipo]]></title>
  <link>https://arianagarzoncedeno.wordpress.com/2025/01/28/triunfo-del-trabajo-en-equipo/</link>
  <pubDate>Tue, 28 Jan 2025 16:56:13 +0000</pubDate>
  <dc:creator>arianagarzon123</dc:creator>
  <guid isPermaLink="false">https://arianagarzoncedeno.wordpress.com/2025/01/28/triunfo-del-trabajo-en-equipo/</guid>
  <description/>
  <content:encoded><![CDATA[<!-- wp:paragraph -->
<p>Te damos la bienvenida a WordPress. Esta es una entrada de ejemplo. Empieza tu andadura en el mundo bloguero editándola o borrándola. Para añadir más contenido aquí, haz clic en el pequeño icono del signo más situado en la esquina superior izquierda. Allí encontrarás una selección de bloques y patrones de WordPress que se adaptan a todas tus necesidades de creación de contenidos. Y no te olvides de echar un vistazo a la vista de lista: haz clic en el icono que hay unos puntos a la derecha del icono del signo más y obtendrás una lista ordenada y fácil de ver de los bloques y patrones de tu entrada.</p>
<!-- /wp:paragraph -->]]></content:encoded>
  <excerpt:encoded><![CDATA[¿Qué fomenta un trabajo en equipo eficaz? No se trata solo de agrupar individuos y esperar lo mejor. Se trata de cultivar un entorno en el que converjan la confianza, la comunicación abierta, el respeto mutuo y una visión compartida.]]></excerpt:encoded>
  <wp:post_id>8</wp:post_id>
  <wp:post_date>2025-01-28 11:56:13</wp:post_date>
  <wp:post_date_gmt>2025-01-28 16:56:13</wp:post_date_gmt>
  <wp:post_modified>2025-01-28 11:56:13</wp:post_modified>
  <wp:post_modified_gmt>2025-01-28 16:56:13</wp:post_modified_gmt>
  <wp:comment_status>closed</wp:comment_status>
  <wp:ping_status>closed</wp:ping_status>
  <wp:post_name>triunfo-del-trabajo-en-equipo</wp:post_name>
  <wp:status>publish</wp:status>
  <wp:post_parent>0</wp:post_parent>
  <wp:menu_order>0</wp:menu_order>
  <wp:post_type>post</wp:post_type>
  <wp:post_password/>
  <wp:is_sticky>0</wp:is_sticky>
  <category domain="category" nicename="uncategorized"><![CDATA[Uncategorized]]></category>
  <wp:postmeta>
    <wp:meta_key>_headstart_post</wp:meta_key>
    <wp:meta_value><![CDATA[_hs_extra]]></wp:meta_value>
  </wp:postmeta>
  <wp:postmeta>
    <wp:meta_key>sharing_disabled</wp:meta_key>
    <wp:meta_value><![CDATA[a:1:{i:0;N;}]]></wp:meta_value>
  </wp:postmeta>
  <wp:postmeta>
    <wp:meta_key>switch_like_status</wp:meta_key>
    <wp:meta_value><![CDATA[a:1:{i:0;N;}]]></wp:meta_value>
  </wp:postmeta>
  <wp:postmeta>
    <wp:meta_key>_starter_page_template</wp:meta_key>
    <wp:meta_value><![CDATA[]]></wp:meta_value>
  </wp:postmeta>
  <wp:postmeta>
    <wp:meta_key>_hs_old_id</wp:meta_key>
    <wp:meta_value><![CDATA[]]></wp:meta_value>
  </wp:postmeta>
  <wp:postmeta>
    <wp:meta_key>_wpas_skip_all_services</wp:meta_key>
    <wp:meta_value><![CDATA[1]]></wp:meta_value>
  </wp:postmeta>
  <wp:postmeta>
    <wp:meta_key>_publicize_pending</wp:meta_key>
    <wp:meta_value><![CDATA[1]]></wp:meta_value>
  </wp:postmeta>
  <wp:postmeta>
    <wp:meta_key>_elasticsearch_data_sharing_indexed_on</wp:meta_key>
    <wp:meta_value><![CDATA[2025-01-28 17:01:27]]></wp:meta_value>
  </wp:postmeta>
  <wp:postmeta>
    <wp:meta_key>_thumbnail_id</wp:meta_key>
    <wp:meta_value><![CDATA[14]]></wp:meta_value>
  </wp:postmeta>
</item>
<item>
  <title><![CDATA[Ventaja adaptativa]]></title>
  <link>https://arianagarzoncedeno.wordpress.com/2025/01/28/ventaja-adaptativa/</link>
  <pubDate>Tue, 28 Jan 2025 16:56:12 +0000</pubDate>
  <dc:creator>arianagarzon123</dc:creator>
  <guid isPermaLink="false">https://arianagarzoncedeno.wordpress.com/2025/01/28/ventaja-adaptativa/</guid>
  <description/>
  <content:encoded><![CDATA[<!-- wp:paragraph -->
<p>Te damos la bienvenida a WordPress. Esta es una entrada de ejemplo. Empieza tu andadura en el mundo bloguero editándola o borrándola. Para añadir más contenido aquí, haz clic en el pequeño icono del signo más situado en la esquina superior izquierda. Allí encontrarás una selección de bloques y patrones de WordPress que se adaptan a todas tus necesidades de creación de contenidos. Y no te olvides de echar un vistazo a la vista de lista: haz clic en el icono que hay unos puntos a la derecha del icono del signo más y obtendrás una lista ordenada y fácil de ver de los bloques y patrones de tu entrada.</p>
<!-- /wp:paragraph -->]]></content:encoded>
  <excerpt:encoded><![CDATA[En un panorama empresarial en constante cambio, la adaptabilidad no es solo un rasgo: es una ventaja competitiva. Las empresas que aceptan el cambio, aprenden de los retos y pivotan cuando es necesario son las que no solo sobreviven, sino que prosperan en entornos inciertos.]]></excerpt:encoded>
  <wp:post_id>9</wp:post_id>
  <wp:post_date>2025-01-28 11:56:12</wp:post_date>
  <wp:post_date_gmt>2025-01-28 16:56:12</wp:post_date_gmt>
  <wp:post_modified>2025-01-28 11:56:12</wp:post_modified>
  <wp:post_modified_gmt>2025-01-28 16:56:12</wp:post_modified_gmt>
  <wp:comment_status>closed</wp:comment_status>
  <wp:ping_status>closed</wp:ping_status>
  <wp:post_name>ventaja-adaptativa</wp:post_name>
  <wp:status>publish</wp:status>
  <wp:post_parent>0</wp:post_parent>
  <wp:menu_order>0</wp:menu_order>
  <wp:post_type>post</wp:post_type>
  <wp:post_password/>
  <wp:is_sticky>0</wp:is_sticky>
  <category domain="category" nicename="uncategorized"><![CDATA[Uncategorized]]></category>
  <wp:postmeta>
    <wp:meta_key>_headstart_post</wp:meta_key>
    <wp:meta_value><![CDATA[_hs_extra]]></wp:meta_value>
  </wp:postmeta>
  <wp:postmeta>
    <wp:meta_key>sharing_disabled</wp:meta_key>
    <wp:meta_value><![CDATA[a:1:{i:0;N;}]]></wp:meta_value>
  </wp:postmeta>
  <wp:postmeta>
    <wp:meta_key>switch_like_status</wp:meta_key>
    <wp:meta_value><![CDATA[a:1:{i:0;N;}]]></wp:meta_value>
  </wp:postmeta>
  <wp:postmeta>
    <wp:meta_key>_starter_page_template</wp:meta_key>
    <wp:meta_value><![CDATA[]]></wp:meta_value>
  </wp:postmeta>
  <wp:postmeta>
    <wp:meta_key>_hs_old_id</wp:meta_key>
    <wp:meta_value><![CDATA[]]></wp:meta_value>
  </wp:postmeta>
  <wp:postmeta>
    <wp:meta_key>_wpas_skip_all_services</wp:meta_key>
    <wp:meta_value><![CDATA[1]]></wp:meta_value>
  </wp:postmeta>
  <wp:postmeta>
    <wp:meta_key>_publicize_pending</wp:meta_key>
    <wp:meta_value><![CDATA[1]]></wp:meta_value>
  </wp:postmeta>
  <wp:postmeta>
    <wp:meta_key>_elasticsearch_data_sharing_indexed_on</wp:meta_key>
    <wp:meta_value><![CDATA[2025-01-28 17:01:27]]></wp:meta_value>
  </wp:postmeta>
  <wp:postmeta>
    <wp:meta_key>_thumbnail_id</wp:meta_key>
    <wp:meta_value><![CDATA[15]]></wp:meta_value>
  </wp:postmeta>
</item>
<item>
  <title><![CDATA[Placeholder Image]]></title>
  <link>https://arianagarzoncedeno.wordpress.com/2025/01/28/el-arte-de-la-conexion/placeholder-image/</link>
  <pubDate>Tue, 28 Jan 2025 17:01:26 +0000</pubDate>
  <dc:creator>arianagarzon123</dc:creator>
  <guid isPermaLink="false">http://arianagarzoncedeno.files.wordpress.com/2025/01/c35dd-fewer_post_3.png</guid>
  <description/>
  <content:encoded><![CDATA[]]></content:encoded>
  <excerpt:encoded><![CDATA[]]></excerpt:encoded>
  <wp:post_id>10</wp:post_id>
  <wp:post_date>2025-01-28 12:01:26</wp:post_date>
  <wp:post_date_gmt>2025-01-28 17:01:26</wp:post_date_gmt>
  <wp:post_modified>2025-01-28 12:01:26</wp:post_modified>
  <wp:post_modified_gmt>2025-01-28 17:01:26</wp:post_modified_gmt>
  <wp:comment_status>open</wp:comment_status>
  <wp:ping_status>closed</wp:ping_status>
  <wp:post_name>placeholder-image</wp:post_name>
  <wp:status>inherit</wp:status>
  <wp:post_parent>4</wp:post_parent>
  <wp:menu_order>0</wp:menu_order>
  <wp:post_type>attachment</wp:post_type>
  <wp:post_password/>
  <wp:is_sticky>0</wp:is_sticky>
  <wp:attachment_url>https://arianagarzoncedeno.wordpress.com/wp-content/uploads/2025/01/c35dd-fewer_post_3.png</wp:attachment_url>
  <wp:postmeta>
    <wp:meta_key>_wp_attached_file</wp:meta_key>
    <wp:meta_value><![CDATA[/home/wpcom/public_html/wp-content/blogs.dir/e39/241162031/files/2025/01/c35dd-fewer_post_3.png]]></wp:meta_value>
  </wp:postmeta>
  <wp:postmeta>
    <wp:meta_key>_wp_attachment_metadata</wp:meta_key>
    <wp:meta_value><![CDATA[a:6:{s:5:"width";i:800;s:6:"height";i:532;s:4:"file";s:95:"/home/wpcom/public_html/wp-content/blogs.dir/e39/241162031/files/2025/01/c35dd-fewer_post_3.png";s:8:"filesize";i:263038;s:5:"sizes";a:0:{}s:10:"image_meta";a:12:{s:8:"aperture";s:1:"0";s:6:"credit";s:0:"";s:6:"camera";s:0:"";s:7:"caption";s:0:"";s:17:"created_timestamp";s:1:"0";s:9:"copyright";s:0:"";s:12:"focal_length";s:1:"0";s:3:"iso";s:1:"0";s:13:"shutter_speed";s:1:"0";s:5:"title";s:0:"";s:11:"orientation";s:1:"0";s:8:"keywords";a:0:{}}}]]></wp:meta_value>
  </wp:postmeta>
</item>
<item>
  <title><![CDATA[Placeholder Image]]></title>
  <link>https://arianagarzoncedeno.wordpress.com/2025/01/28/mas-alla-del-obstaculo/placeholder-image-2/</link>
  <pubDate>Tue, 28 Jan 2025 17:01:27 +0000</pubDate>
  <dc:creator>arianagarzon123</dc:creator>
  <guid isPermaLink="false">http://arianagarzoncedeno.files.wordpress.com/2025/01/c190e-fewer_post_4.png</guid>
  <description/>
  <content:encoded><![CDATA[]]></content:encoded>
  <excerpt:encoded><![CDATA[]]></excerpt:encoded>
  <wp:post_id>11</wp:post_id>
  <wp:post_date>2025-01-28 12:01:27</wp:post_date>
  <wp:post_date_gmt>2025-01-28 17:01:27</wp:post_date_gmt>
  <wp:post_modified>2025-01-28 12:01:27</wp:post_modified>
  <wp:post_modified_gmt>2025-01-28 17:01:27</wp:post_modified_gmt>
  <wp:comment_status>open</wp:comment_status>
  <wp:ping_status>closed</wp:ping_status>
  <wp:post_name>placeholder-image-2</wp:post_name>
  <wp:status>inherit</wp:status>
  <wp:post_parent>5</wp:post_parent>
  <wp:menu_order>0</wp:menu_order>
  <wp:post_type>attachment</wp:post_type>
  <wp:post_password/>
  <wp:is_sticky>0</wp:is_sticky>
  <wp:attachment_url>https://arianagarzoncedeno.wordpress.com/wp-content/uploads/2025/01/c190e-fewer_post_4.png</wp:attachment_url>
  <wp:postmeta>
    <wp:meta_key>_wp_attached_file</wp:meta_key>
    <wp:meta_value><![CDATA[/home/wpcom/public_html/wp-content/blogs.dir/e39/241162031/files/2025/01/c190e-fewer_post_4.png]]></wp:meta_value>
  </wp:postmeta>
  <wp:postmeta>
    <wp:meta_key>_wp_attachment_metadata</wp:meta_key>
    <wp:meta_value><![CDATA[a:6:{s:5:"width";i:800;s:6:"height";i:531;s:4:"file";s:95:"/home/wpcom/public_html/wp-content/blogs.dir/e39/241162031/files/2025/01/c190e-fewer_post_4.png";s:8:"filesize";i:263695;s:5:"sizes";a:0:{}s:10:"image_meta";a:12:{s:8:"aperture";s:1:"0";s:6:"credit";s:0:"";s:6:"camera";s:0:"";s:7:"caption";s:0:"";s:17:"created_timestamp";s:1:"0";s:9:"copyright";s:0:"";s:12:"focal_length";s:1:"0";s:3:"iso";s:1:"0";s:13:"shutter_speed";s:1:"0";s:5:"title";s:0:"";s:11:"orientation";s:1:"0";s:8:"keywords";a:0:{}}}]]></wp:meta_value>
  </wp:postmeta>
</item>
<item>
  <title><![CDATA[Placeholder Image]]></title>
  <link>https://arianagarzoncedeno.wordpress.com/2025/01/28/crecimiento-desbloqueado/placeholder-image-3/</link>
  <pubDate>Tue, 28 Jan 2025 17:01:28 +0000</pubDate>
  <dc:creator>arianagarzon123</dc:creator>
  <guid isPermaLink="false">http://arianagarzoncedeno.files.wordpress.com/2025/01/b32a6-fewer_post_5.png</guid>
  <description/>
  <content:encoded><![CDATA[]]></content:encoded>
  <excerpt:encoded><![CDATA[]]></excerpt:encoded>
  <wp:post_id>12</wp:post_id>
  <wp:post_date>2025-01-28 12:01:28</wp:post_date>
  <wp:post_date_gmt>2025-01-28 17:01:28</wp:post_date_gmt>
  <wp:post_modified>2025-01-28 12:01:28</wp:post_modified>
  <wp:post_modified_gmt>2025-01-28 17:01:28</wp:post_modified_gmt>
  <wp:comment_status>open</wp:comment_status>
  <wp:ping_status>closed</wp:ping_status>
  <wp:post_name>placeholder-image-3</wp:post_name>
  <wp:status>inherit</wp:status>
  <wp:post_parent>6</wp:post_parent>
  <wp:menu_order>0</wp:menu_order>
  <wp:post_type>attachment</wp:post_type>
  <wp:post_password/>
  <wp:is_sticky>0</wp:is_sticky>
  <wp:attachment_url>https://arianagarzoncedeno.wordpress.com/wp-content/uploads/2025/01/b32a6-fewer_post_5.png</wp:attachment_url>
  <wp:postmeta>
    <wp:meta_key>_wp_attached_file</wp:meta_key>
    <wp:meta_value><![CDATA[/home/wpcom/public_html/wp-content/blogs.dir/e39/241162031/files/2025/01/b32a6-fewer_post_5.png]]></wp:meta_value>
  </wp:postmeta>
  <wp:postmeta>
    <wp:meta_key>_wp_attachment_metadata</wp:meta_key>
    <wp:meta_value><![CDATA[a:6:{s:5:"width";i:800;s:6:"height";i:532;s:4:"file";s:95:"/home/wpcom/public_html/wp-content/blogs.dir/e39/241162031/files/2025/01/b32a6-fewer_post_5.png";s:8:"filesize";i:165117;s:5:"sizes";a:0:{}s:10:"image_meta";a:12:{s:8:"aperture";s:1:"0";s:6:"credit";s:0:"";s:6:"camera";s:0:"";s:7:"caption";s:0:"";s:17:"created_timestamp";s:1:"0";s:9:"copyright";s:0:"";s:12:"focal_length";s:1:"0";s:3:"iso";s:1:"0";s:13:"shutter_speed";s:1:"0";s:5:"title";s:0:"";s:11:"orientation";s:1:"0";s:8:"keywords";a:0:{}}}]]></wp:meta_value>
  </wp:postmeta>
</item>
<item>
  <title><![CDATA[Placeholder Image]]></title>
  <link>https://arianagarzoncedeno.wordpress.com/2025/01/28/magia-de-la-colaboracion/placeholder-image-4/</link>
  <pubDate>Tue, 28 Jan 2025 17:01:28 +0000</pubDate>
  <dc:creator>arianagarzon123</dc:creator>
  <guid isPermaLink="false">http://arianagarzoncedeno.files.wordpress.com/2025/01/7a39b-fewer_post_2.png</guid>
  <description/>
  <content:encoded><![CDATA[]]></content:encoded>
  <excerpt:encoded><![CDATA[]]></excerpt:encoded>
  <wp:post_id>13</wp:post_id>
  <wp:post_date>2025-01-28 12:01:28</wp:post_date>
  <wp:post_date_gmt>2025-01-28 17:01:28</wp:post_date_gmt>
  <wp:post_modified>2025-01-28 12:01:28</wp:post_modified>
  <wp:post_modified_gmt>2025-01-28 17:01:28</wp:post_modified_gmt>
  <wp:comment_status>open</wp:comment_status>
  <wp:ping_status>closed</wp:ping_status>
  <wp:post_name>placeholder-image-4</wp:post_name>
  <wp:status>inherit</wp:status>
  <wp:post_parent>7</wp:post_parent>
  <wp:menu_order>0</wp:menu_order>
  <wp:post_type>attachment</wp:post_type>
  <wp:post_password/>
  <wp:is_sticky>0</wp:is_sticky>
  <wp:attachment_url>https://arianagarzoncedeno.wordpress.com/wp-content/uploads/2025/01/7a39b-fewer_post_2.png</wp:attachment_url>
  <wp:postmeta>
    <wp:meta_key>_wp_attached_file</wp:meta_key>
    <wp:meta_value><![CDATA[/home/wpcom/public_html/wp-content/blogs.dir/e39/241162031/files/2025/01/7a39b-fewer_post_2.png]]></wp:meta_value>
  </wp:postmeta>
  <wp:postmeta>
    <wp:meta_key>_wp_attachment_metadata</wp:meta_key>
    <wp:meta_value><![CDATA[a:6:{s:5:"width";i:800;s:6:"height";i:530;s:4:"file";s:95:"/home/wpcom/public_html/wp-content/blogs.dir/e39/241162031/files/2025/01/7a39b-fewer_post_2.png";s:8:"filesize";i:275580;s:5:"sizes";a:0:{}s:10:"image_meta";a:12:{s:8:"aperture";s:1:"0";s:6:"credit";s:0:"";s:6:"camera";s:0:"";s:7:"caption";s:0:"";s:17:"created_timestamp";s:1:"0";s:9:"copyright";s:0:"";s:12:"focal_length";s:1:"0";s:3:"iso";s:1:"0";s:13:"shutter_speed";s:1:"0";s:5:"title";s:0:"";s:11:"orientation";s:1:"0";s:8:"keywords";a:0:{}}}]]></wp:meta_value>
  </wp:postmeta>
</item>
<item>
  <title><![CDATA[Placeholder Image]]></title>
  <link>https://arianagarzoncedeno.wordpress.com/2025/01/28/triunfo-del-trabajo-en-equipo/placeholder-image-5/</link>
  <pubDate>Tue, 28 Jan 2025 17:01:29 +0000</pubDate>
  <dc:creator>arianagarzon123</dc:creator>
  <guid isPermaLink="false">http://arianagarzoncedeno.files.wordpress.com/2025/01/bffa5-fewer_orestad_2.png</guid>
  <description/>
  <content:encoded><![CDATA[]]></content:encoded>
  <excerpt:encoded><![CDATA[]]></excerpt:encoded>
  <wp:post_id>14</wp:post_id>
  <wp:post_date>2025-01-28 12:01:29</wp:post_date>
  <wp:post_date_gmt>2025-01-28 17:01:29</wp:post_date_gmt>
  <wp:post_modified>2025-01-28 12:01:29</wp:post_modified>
  <wp:post_modified_gmt>2025-01-28 17:01:29</wp:post_modified_gmt>
  <wp:comment_status>open</wp:comment_status>
  <wp:ping_status>closed</wp:ping_status>
  <wp:post_name>placeholder-image-5</wp:post_name>
  <wp:status>inherit</wp:status>
  <wp:post_parent>8</wp:post_parent>
  <wp:menu_order>0</wp:menu_order>
  <wp:post_type>attachment</wp:post_type>
  <wp:post_password/>
  <wp:is_sticky>0</wp:is_sticky>
  <wp:attachment_url>https://arianagarzoncedeno.wordpress.com/wp-content/uploads/2025/01/bffa5-fewer_orestad_2.png</wp:attachment_url>
  <wp:postmeta>
    <wp:meta_key>_wp_attached_file</wp:meta_key>
    <wp:meta_value><![CDATA[/home/wpcom/public_html/wp-content/blogs.dir/e39/241162031/files/2025/01/bffa5-fewer_orestad_2.png]]></wp:meta_value>
  </wp:postmeta>
  <wp:postmeta>
    <wp:meta_key>_wp_attachment_metadata</wp:meta_key>
    <wp:meta_value><![CDATA[a:6:{s:5:"width";i:799;s:6:"height";i:651;s:4:"file";s:98:"/home/wpcom/public_html/wp-content/blogs.dir/e39/241162031/files/2025/01/bffa5-fewer_orestad_2.png";s:8:"filesize";i:275178;s:5:"sizes";a:0:{}s:10:"image_meta";a:12:{s:8:"aperture";s:1:"0";s:6:"credit";s:0:"";s:6:"camera";s:0:"";s:7:"caption";s:0:"";s:17:"created_timestamp";s:1:"0";s:9:"copyright";s:0:"";s:12:"focal_length";s:1:"0";s:3:"iso";s:1:"0";s:13:"shutter_speed";s:1:"0";s:5:"title";s:0:"";s:11:"orientation";s:1:"0";s:8:"keywords";a:0:{}}}]]></wp:meta_value>
  </wp:postmeta>
</item>
<item>
  <title><![CDATA[Placeholder Image]]></title>
  <link>https://arianagarzoncedeno.wordpress.com/2025/01/28/ventaja-adaptativa/placeholder-image-6/</link>
  <pubDate>Tue, 28 Jan 2025 17:01:29 +0000</pubDate>
  <dc:creator>arianagarzon123</dc:creator>
  <guid isPermaLink="false">http://arianagarzoncedeno.files.wordpress.com/2025/01/90e3e-fewer_post_1.png</guid>
  <description/>
  <content:encoded><![CDATA[]]></content:encoded>
  <excerpt:encoded><![CDATA[]]></excerpt:encoded>
  <wp:post_id>15</wp:post_id>
  <wp:post_date>2025-01-28 12:01:29</wp:post_date>
  <wp:post_date_gmt>2025-01-28 17:01:29</wp:post_date_gmt>
  <wp:post_modified>2025-01-28 12:01:29</wp:post_modified>
  <wp:post_modified_gmt>2025-01-28 17:01:29</wp:post_modified_gmt>
  <wp:comment_status>open</wp:comment_status>
  <wp:ping_status>closed</wp:ping_status>
  <wp:post_name>placeholder-image-6</wp:post_name>
  <wp:status>inherit</wp:status>
  <wp:post_parent>9</wp:post_parent>
  <wp:menu_order>0</wp:menu_order>
  <wp:post_type>attachment</wp:post_type>
  <wp:post_password/>
  <wp:is_sticky>0</wp:is_sticky>
  <wp:attachment_url>https://arianagarzoncedeno.wordpress.com/wp-content/uploads/2025/01/90e3e-fewer_post_1.png</wp:attachment_url>
  <wp:postmeta>
    <wp:meta_key>_wp_attached_file</wp:meta_key>
    <wp:meta_value><![CDATA[/home/wpcom/public_html/wp-content/blogs.dir/e39/241162031/files/2025/01/90e3e-fewer_post_1.png]]></wp:meta_value>
  </wp:postmeta>
  <wp:postmeta>
    <wp:meta_key>_wp_attachment_metadata</wp:meta_key>
    <wp:meta_value><![CDATA[a:6:{s:5:"width";i:800;s:6:"height";i:514;s:4:"file";s:95:"/home/wpcom/public_html/wp-content/blogs.dir/e39/241162031/files/2025/01/90e3e-fewer_post_1.png";s:8:"filesize";i:216169;s:5:"sizes";a:0:{}s:10:"image_meta";a:12:{s:8:"aperture";s:1:"0";s:6:"credit";s:0:"";s:6:"camera";s:0:"";s:7:"caption";s:0:"";s:17:"created_timestamp";s:1:"0";s:9:"copyright";s:0:"";s:12:"focal_length";s:1:"0";s:3:"iso";s:1:"0";s:13:"shutter_speed";s:1:"0";s:5:"title";s:0:"";s:11:"orientation";s:1:"0";s:8:"keywords";a:0:{}}}]]></wp:meta_value>
  </wp:postmeta>
</item>
<item>
  <title><![CDATA[Navegación]]></title>
  <link>https://arianagarzoncedeno.wordpress.com/2025/01/28/navigation/</link>
  <pubDate>Tue, 28 Jan 2025 17:01:31 +0000</pubDate>
  <dc:creator>arianagarzon123</dc:creator>
  <guid isPermaLink="false">https://arianagarzoncedeno.wordpress.com/2025/01/28/navigation/</guid>
  <description/>
  <content:encoded><![CDATA[<!-- wp:navigation-link {"label":"Inicio","type":"page","id":21,"url":"https://arianagarzoncedeno.wordpress.com/","kind":"post-type"} /-->

<!-- wp:navigation-link {"label":"Sobre Mi","type":"page","id":1,"url":"https://arianagarzoncedeno.wordpress.com/about/","kind":"post-type"} /-->

<!-- wp:navigation-link {"label":"Linkedin","url":"https://www.linkedin.com/in/ariana-garzon-cedeno/","kind":"custom"} /-->

<!-- wp:navigation-link {"label":"Curriculum","url":"https://github.com/ArianaG30/CV/blob/main/ariana-garzon-cv-2025.pdf","kind":"custom"} /-->

<!-- wp:navigation-link {"label":"Blog","type":"page","id":23,"url":"https://el-reino-gatuno.blogspot.com/","kind":"post-type"} /-->]]></content:encoded>
  <excerpt:encoded><![CDATA[]]></excerpt:encoded>
  <wp:post_id>16</wp:post_id>
  <wp:post_date>2025-01-28 12:01:31</wp:post_date>
  <wp:post_date_gmt>2025-01-28 17:01:31</wp:post_date_gmt>
  <wp:post_modified>2025-02-13 08:27:56</wp:post_modified>
  <wp:post_modified_gmt>2025-02-13 13:27:56</wp:post_modified_gmt>
  <wp:comment_status>closed</wp:comment_status>
  <wp:ping_status>closed</wp:ping_status>
  <wp:post_name>navigation</wp:post_name>
  <wp:status>publish</wp:status>
  <wp:post_parent>0</wp:post_parent>
  <wp:menu_order>0</wp:menu_order>
  <wp:post_type>wp_navigation</wp:post_type>
  <wp:post_password/>
  <wp:is_sticky>0</wp:is_sticky>
</item>
<item>
  <title><![CDATA[ariana-garzon]]></title>
  <link>https://arianagarzoncedeno.wordpress.com/about/ariana-garzon/</link>
  <pubDate>Mon, 10 Feb 2025 13:49:01 +0000</pubDate>
  <dc:creator>arianagarzon123</dc:creator>
  <guid isPermaLink="false">http://arianagarzoncedeno.files.wordpress.com/2025/02/ariana-garzon.jpg</guid>
  <description/>
  <content:encoded><![CDATA[]]></content:encoded>
  <excerpt:encoded><![CDATA[]]></excerpt:encoded>
  <wp:post_id>19</wp:post_id>
  <wp:post_date>2025-02-10 08:49:01</wp:post_date>
  <wp:post_date_gmt>2025-02-10 13:49:01</wp:post_date_gmt>
  <wp:post_modified>2025-02-10 08:49:01</wp:post_modified>
  <wp:post_modified_gmt>2025-02-10 13:49:01</wp:post_modified_gmt>
  <wp:comment_status>open</wp:comment_status>
  <wp:ping_status>closed</wp:ping_status>
  <wp:post_name>ariana-garzon</wp:post_name>
  <wp:status>inherit</wp:status>
  <wp:post_parent>1</wp:post_parent>
  <wp:menu_order>0</wp:menu_order>
  <wp:post_type>attachment</wp:post_type>
  <wp:post_password/>
  <wp:is_sticky>0</wp:is_sticky>
  <wp:attachment_url>https://arianagarzoncedeno.wordpress.com/wp-content/uploads/2025/02/ariana-garzon.jpg</wp:attachment_url>
  <wp:postmeta>
    <wp:meta_key>_wp_attached_file</wp:meta_key>
    <wp:meta_value><![CDATA[/home/wpcom/public_html/wp-content/blogs.dir/e39/241162031/files/2025/02/ariana-garzon.jpg]]></wp:meta_value>
  </wp:postmeta>
  <wp:postmeta>
    <wp:meta_key>_wp_attachment_metadata</wp:meta_key>
    <wp:meta_value><![CDATA[a:6:{s:5:"width";i:720;s:6:"height";i:1280;s:4:"file";s:90:"/home/wpcom/public_html/wp-content/blogs.dir/e39/241162031/files/2025/02/ariana-garzon.jpg";s:8:"filesize";i:104658;s:5:"sizes";a:0:{}s:10:"image_meta";a:12:{s:8:"aperture";s:1:"0";s:6:"credit";s:0:"";s:6:"camera";s:0:"";s:7:"caption";s:0:"";s:17:"created_timestamp";s:1:"0";s:9:"copyright";s:0:"";s:12:"focal_length";s:1:"0";s:3:"iso";s:1:"0";s:13:"shutter_speed";s:1:"0";s:5:"title";s:0:"";s:11:"orientation";s:1:"0";s:8:"keywords";a:0:{}}}]]></wp:meta_value>
  </wp:postmeta>
</item>
<item>
  <title><![CDATA[Inicio]]></title>
  <link>https://arianagarzoncedeno.wordpress.com/</link>
  <pubDate>Mon, 10 Feb 2025 13:52:40 +0000</pubDate>
  <dc:creator>arianagarzon123</dc:creator>
  <guid isPermaLink="false">https://arianagarzoncedeno.wordpress.com/?page_id=21</guid>
  <description/>
  <content:encoded><![CDATA[<!-- wp:group {"metadata":{"name":"Header","categories":["header"],"patternName":"a8c/header-logo-left-menu-centered-social-right"},"align":"full","style":{"spacing":{"padding":{"top":"var:preset|spacing|30","bottom":"var:preset|spacing|30","left":"var(\u002d\u002dwp\u002d\u002dstyle\u002d\u002droot\u002d\u002dpadding-left, var(\u002d\u002dwp\u002d\u002dcustom\u002d\u002dgap\u002d\u002dhorizontal))","right":"var(\u002d\u002dwp\u002d\u002dstyle\u002d\u002droot\u002d\u002dpadding-right, var(\u002d\u002dwp\u002d\u002dcustom\u002d\u002dgap\u002d\u002dhorizontal))"},"margin":{"top":"0","bottom":"0"}}},"layout":{"type":"constrained","justifyContent":"center"}} -->
<div class="wp-block-group alignfull" style="margin-top:0;margin-bottom:0;padding-top:var(--wp--preset--spacing--30);padding-right:var(--wp--style--root--padding-right, var(--wp--custom--gap--horizontal));padding-bottom:var(--wp--preset--spacing--30);padding-left:var(--wp--style--root--padding-left, var(--wp--custom--gap--horizontal))"><!-- wp:group {"tagName":"header","metadata":{"name":"Contents"},"align":"wide","style":{"spacing":{"margin":{"top":"0","bottom":"0"},"blockGap":"var:preset|spacing|40"}},"layout":{"type":"flex","flexWrap":"nowrap","justifyContent":"space-between"}} -->
<header class="wp-block-group alignwide" style="margin-top:0;margin-bottom:0"><!-- wp:group {"className":"grow  md:grow-0","style":{"layout":{"selfStretch":"fixed","flexSize":"25%"}},"layout":{"type":"flex","flexWrap":"nowrap","justifyContent":"left"}} -->
<div class="wp-block-group grow md:grow-0"><!-- wp:site-title /--></div>
<!-- /wp:group -->

<!-- wp:navigation {"ref":16,"className":"order-1 md:order-0","style":{"layout":{"selfStretch":"fit","flexSize":null}},"layout":{"type":"flex","justifyContent":"center"}} /-->

<!-- wp:group {"className":"grow md:grow-0","style":{"spacing":{"blockGap":"var:preset|spacing|20"},"layout":{"selfStretch":"fixed","flexSize":"25%"}},"layout":{"type":"flex","flexWrap":"nowrap","justifyContent":"right"}} -->
<div class="wp-block-group grow md:grow-0"><!-- wp:social-links {"className":"is-style-logos-only","style":{"spacing":{"blockGap":{"left":"8px"}}},"layout":{"type":"flex","flexWrap":"nowrap"}} -->
<ul class="wp-block-social-links is-style-logos-only"><!-- wp:social-link {"url":"https://www.linkedin.com/in/ariana-garzon-cedeno/","service":"linkedin","label":"https://www.linkedin.com/in/ariana-garzon-cedeno/"} /-->

<!-- wp:social-link {"url":"https://github.com/ArianaG30","service":"chain","label":"https://github.com/ArianaG30"} /--></ul>
<!-- /wp:social-links --></div>
<!-- /wp:group --></header>
<!-- /wp:group --></div>
<!-- /wp:group -->

<!-- wp:media-text {"align":"full","mediaId":29,"mediaLink":"https://arianagarzoncedeno.wordpress.com/sunset-over-ancient-ruins-reflecting-on-tranquil-water-a-spiritual-scene-generated-by-ai/","mediaType":"image","mediaWidth":51,"imageFill":true,"focalPoint":{"x":0.71,"y":0.58}} -->
<div class="wp-block-media-text alignfull is-stacked-on-mobile is-image-fill-element" style="grid-template-columns:51% auto"><figure class="wp-block-media-text__media"><img src="https://arianagarzoncedeno.wordpress.com/wp-content/uploads/2025/02/ariana-garzon2.jpg?w=1024" alt="" class="wp-image-29 size-full" style="object-position:71% 58%" /></figure><div class="wp-block-media-text__content"><!-- wp:cover {"overlayColor":"background","minHeight":95,"minHeightUnit":"vh"} -->
<div class="wp-block-cover is-light" style="min-height:95vh"><span aria-hidden="true" class="wp-block-cover__background has-background-background-color has-background-dim-100 has-background-dim"></span><div class="wp-block-cover__inner-container"><!-- wp:image {"id":30,"width":"220px","height":"auto","aspectRatio":"1","sizeSlug":"large","linkDestination":"none","align":"center","className":"is-style-rounded"} -->
<figure class="wp-block-image aligncenter size-large is-resized is-style-rounded"><img src="https://arianagarzoncedeno.wordpress.com/wp-content/uploads/2025/02/ariana-garzon-5.jpg?w=606" alt="" class="wp-image-30" style="aspect-ratio:1;width:220px;height:auto" /></figure>
<!-- /wp:image -->

<!-- wp:heading {"textAlign":"center","level":1,"style":{"elements":{"link":{"color":{"text":"var:preset|color|primary"}}}},"textColor":"primary"} -->
<h1 class="wp-block-heading has-text-align-center has-primary-color has-text-color has-link-color">Ariana Garzón</h1>
<!-- /wp:heading -->

<!-- wp:paragraph {"align":"center","style":{"elements":{"link":{"color":{"text":"var:preset|color|primary"}}}},"backgroundColor":"background","textColor":"primary"} -->
<p class="has-text-align-center has-primary-color has-background-background-color has-text-color has-background has-link-color">Me considero una persona con fácil adaptabilidad para trabajar en cualquier tipo de entorno, me apasiona las redes sociales &amp; el mundo digital.</p>
<!-- /wp:paragraph -->

<!-- wp:social-links {"align":"center","className":"is-style-default"} -->
<ul class="wp-block-social-links aligncenter is-style-default"><!-- wp:social-link {"url":"https://www.linkedin.com/in/ariana-garzon-cedeno/","service":"linkedin"} /-->

<!-- wp:social-link {"url":"https://github.com/ArianaG30","service":"chain"} /--></ul>
<!-- /wp:social-links --></div></div>
<!-- /wp:cover --></div></div>
<!-- /wp:media-text -->

<!-- wp:paragraph -->
<p></p>
<!-- /wp:paragraph -->]]></content:encoded>
  <excerpt:encoded><![CDATA[]]></excerpt:encoded>
  <wp:post_id>21</wp:post_id>
  <wp:post_date>2025-02-10 08:52:40</wp:post_date>
  <wp:post_date_gmt>2025-02-10 13:52:40</wp:post_date_gmt>
  <wp:post_modified>2025-02-10 09:32:04</wp:post_modified>
  <wp:post_modified_gmt>2025-02-10 14:32:04</wp:post_modified_gmt>
  <wp:comment_status>closed</wp:comment_status>
  <wp:ping_status>closed</wp:ping_status>
  <wp:post_name>inicio</wp:post_name>
  <wp:status>publish</wp:status>
  <wp:post_parent>0</wp:post_parent>
  <wp:menu_order>0</wp:menu_order>
  <wp:post_type>page</wp:post_type>
  <wp:post_password/>
  <wp:is_sticky>0</wp:is_sticky>
  <wp:postmeta>
    <wp:meta_key>_tft_homepage_template</wp:meta_key>
    <wp:meta_value><![CDATA[pub/baker]]></wp:meta_value>
  </wp:postmeta>
  <wp:postmeta>
    <wp:meta_key>_publicize_pending</wp:meta_key>
    <wp:meta_value><![CDATA[1]]></wp:meta_value>
  </wp:postmeta>
  <wp:postmeta>
    <wp:meta_key>_elasticsearch_data_sharing_indexed_on</wp:meta_key>
    <wp:meta_value><![CDATA[2025-02-10 13:52:42]]></wp:meta_value>
  </wp:postmeta>
  <wp:postmeta>
    <wp:meta_key>_g_feedback_shortcode_60c92f17fc096b63ff99599f59cc93b948ecb08f</wp:meta_key>
    <wp:meta_value><![CDATA[
				[contact-field label="Nombre" type="name"  required="true" /]
				[contact-field label="Correo electrónico" type="email" required="true" /]
				[contact-field label="Web" type="url" /]
				[contact-field label="Mensaje" type="textarea" /]]]></wp:meta_value>
  </wp:postmeta>
  <wp:postmeta>
    <wp:meta_key>_g_feedback_shortcode_atts_60c92f17fc096b63ff99599f59cc93b948ecb08f</wp:meta_key>
    <wp:meta_value><![CDATA[a:17:{s:2:"to";s:25:"arianagarzon123@gmail.com";s:7:"subject";s:23:"[Ariana Garzón] Inicio";s:12:"show_subject";s:2:"no";s:6:"widget";i:0;s:14:"block_template";N;s:19:"block_template_part";N;s:2:"id";i:21;s:18:"submit_button_text";s:6:"Enviar";s:14:"customThankyou";s:0:"";s:21:"customThankyouHeading";s:24:"Se ha enviado tu mensaje";s:21:"customThankyouMessage";s:24:"¡Gracias por tu envío!";s:22:"customThankyouRedirect";s:0:"";s:10:"jetpackCRM";b:1;s:9:"className";N;s:9:"postToUrl";N;s:14:"salesforceData";N;s:12:"hiddenFields";N;}]]></wp:meta_value>
  </wp:postmeta>
  <wp:postmeta>
    <wp:meta_key>_last_editor_used_jetpack</wp:meta_key>
    <wp:meta_value><![CDATA[block-editor]]></wp:meta_value>
  </wp:postmeta>
</item>
<item>
  <title><![CDATA[Blog]]></title>
  <link>https://arianagarzoncedeno.wordpress.com/blog/</link>
  <pubDate>Mon, 10 Feb 2025 13:52:41 +0000</pubDate>
  <dc:creator>arianagarzon123</dc:creator>
  <guid isPermaLink="false">https://arianagarzoncedeno.wordpress.com/blog/</guid>
  <description/>
  <content:encoded><![CDATA[]]></content:encoded>
  <excerpt:encoded><![CDATA[]]></excerpt:encoded>
  <wp:post_id>23</wp:post_id>
  <wp:post_date>2025-02-10 08:52:41</wp:post_date>
  <wp:post_date_gmt>2025-02-10 13:52:41</wp:post_date_gmt>
  <wp:post_modified>2025-02-10 08:52:41</wp:post_modified>
  <wp:post_modified_gmt>2025-02-10 13:52:41</wp:post_modified_gmt>
  <wp:comment_status>closed</wp:comment_status>
  <wp:ping_status>closed</wp:ping_status>
  <wp:post_name>blog</wp:post_name>
  <wp:status>publish</wp:status>
  <wp:post_parent>0</wp:post_parent>
  <wp:menu_order>0</wp:menu_order>
  <wp:post_type>page</wp:post_type>
  <wp:post_password/>
  <wp:is_sticky>0</wp:is_sticky>
  <wp:postmeta>
    <wp:meta_key>_tft_posts_page</wp:meta_key>
    <wp:meta_value><![CDATA[1]]></wp:meta_value>
  </wp:postmeta>
  <wp:postmeta>
    <wp:meta_key>_publicize_pending</wp:meta_key>
    <wp:meta_value><![CDATA[1]]></wp:meta_value>
  </wp:postmeta>
  <wp:postmeta>
    <wp:meta_key>_elasticsearch_data_sharing_indexed_on</wp:meta_key>
    <wp:meta_value><![CDATA[2025-02-10 13:52:42]]></wp:meta_value>
  </wp:postmeta>
</item>
<item>
  <title><![CDATA[ariana-garzon]]></title>
  <link>https://arianagarzoncedeno.wordpress.com/inicio/ariana-garzon-2/</link>
  <pubDate>Mon, 10 Feb 2025 13:59:54 +0000</pubDate>
  <dc:creator>arianagarzon123</dc:creator>
  <guid isPermaLink="false">http://arianagarzoncedeno.files.wordpress.com/2025/02/ariana-garzon-1.jpg</guid>
  <description/>
  <content:encoded><![CDATA[]]></content:encoded>
  <excerpt:encoded><![CDATA[]]></excerpt:encoded>
  <wp:post_id>25</wp:post_id>
  <wp:post_date>2025-02-10 08:59:54</wp:post_date>
  <wp:post_date_gmt>2025-02-10 13:59:54</wp:post_date_gmt>
  <wp:post_modified>2025-02-10 08:59:54</wp:post_modified>
  <wp:post_modified_gmt>2025-02-10 13:59:54</wp:post_modified_gmt>
  <wp:comment_status>open</wp:comment_status>
  <wp:ping_status>closed</wp:ping_status>
  <wp:post_name>ariana-garzon-2</wp:post_name>
  <wp:status>inherit</wp:status>
  <wp:post_parent>21</wp:post_parent>
  <wp:menu_order>0</wp:menu_order>
  <wp:post_type>attachment</wp:post_type>
  <wp:post_password/>
  <wp:is_sticky>0</wp:is_sticky>
  <wp:attachment_url>https://arianagarzoncedeno.wordpress.com/wp-content/uploads/2025/02/ariana-garzon-1.jpg</wp:attachment_url>
  <wp:postmeta>
    <wp:meta_key>_wp_attached_file</wp:meta_key>
    <wp:meta_value><![CDATA[/home/wpcom/public_html/wp-content/blogs.dir/e39/241162031/files/2025/02/ariana-garzon-1.jpg]]></wp:meta_value>
  </wp:postmeta>
  <wp:postmeta>
    <wp:meta_key>_wp_attachment_metadata</wp:meta_key>
    <wp:meta_value><![CDATA[a:6:{s:5:"width";i:720;s:6:"height";i:1280;s:4:"file";s:92:"/home/wpcom/public_html/wp-content/blogs.dir/e39/241162031/files/2025/02/ariana-garzon-1.jpg";s:8:"filesize";i:104658;s:5:"sizes";a:0:{}s:10:"image_meta";a:12:{s:8:"aperture";s:1:"0";s:6:"credit";s:0:"";s:6:"camera";s:0:"";s:7:"caption";s:0:"";s:17:"created_timestamp";s:1:"0";s:9:"copyright";s:0:"";s:12:"focal_length";s:1:"0";s:3:"iso";s:1:"0";s:13:"shutter_speed";s:1:"0";s:5:"title";s:0:"";s:11:"orientation";s:1:"0";s:8:"keywords";a:0:{}}}]]></wp:meta_value>
  </wp:postmeta>
</item>
<item>
  <title><![CDATA[ariana-garzon]]></title>
  <link>https://arianagarzoncedeno.wordpress.com/inicio/ariana-garzon-3/</link>
  <pubDate>Mon, 10 Feb 2025 14:00:43 +0000</pubDate>
  <dc:creator>arianagarzon123</dc:creator>
  <guid isPermaLink="false">http://arianagarzoncedeno.files.wordpress.com/2025/02/ariana-garzon-2.jpg</guid>
  <description/>
  <content:encoded><![CDATA[]]></content:encoded>
  <excerpt:encoded><![CDATA[]]></excerpt:encoded>
  <wp:post_id>26</wp:post_id>
  <wp:post_date>2025-02-10 09:00:43</wp:post_date>
  <wp:post_date_gmt>2025-02-10 14:00:43</wp:post_date_gmt>
  <wp:post_modified>2025-02-10 09:00:43</wp:post_modified>
  <wp:post_modified_gmt>2025-02-10 14:00:43</wp:post_modified_gmt>
  <wp:comment_status>open</wp:comment_status>
  <wp:ping_status>closed</wp:ping_status>
  <wp:post_name>ariana-garzon-3</wp:post_name>
  <wp:status>inherit</wp:status>
  <wp:post_parent>21</wp:post_parent>
  <wp:menu_order>0</wp:menu_order>
  <wp:post_type>attachment</wp:post_type>
  <wp:post_password/>
  <wp:is_sticky>0</wp:is_sticky>
  <wp:attachment_url>https://arianagarzoncedeno.wordpress.com/wp-content/uploads/2025/02/ariana-garzon-2.jpg</wp:attachment_url>
  <wp:postmeta>
    <wp:meta_key>_wp_attached_file</wp:meta_key>
    <wp:meta_value><![CDATA[/home/wpcom/public_html/wp-content/blogs.dir/e39/241162031/files/2025/02/ariana-garzon-2.jpg]]></wp:meta_value>
  </wp:postmeta>
  <wp:postmeta>
    <wp:meta_key>_wp_attachment_metadata</wp:meta_key>
    <wp:meta_value><![CDATA[a:6:{s:5:"width";i:720;s:6:"height";i:1032;s:4:"file";s:92:"/home/wpcom/public_html/wp-content/blogs.dir/e39/241162031/files/2025/02/ariana-garzon-2.jpg";s:8:"filesize";i:58137;s:5:"sizes";a:0:{}s:10:"image_meta";a:12:{s:8:"aperture";s:1:"0";s:6:"credit";s:0:"";s:6:"camera";s:0:"";s:7:"caption";s:0:"";s:17:"created_timestamp";s:1:"0";s:9:"copyright";s:0:"";s:12:"focal_length";s:1:"0";s:3:"iso";s:1:"0";s:13:"shutter_speed";s:1:"0";s:5:"title";s:0:"";s:11:"orientation";s:1:"0";s:8:"keywords";a:0:{}}}]]></wp:meta_value>
  </wp:postmeta>
</item>
<item>
  <title><![CDATA[ariana-garzon]]></title>
  <link>https://arianagarzoncedeno.wordpress.com/inicio/ariana-garzon-4/</link>
  <pubDate>Mon, 10 Feb 2025 14:00:54 +0000</pubDate>
  <dc:creator>arianagarzon123</dc:creator>
  <guid isPermaLink="false">http://arianagarzoncedeno.files.wordpress.com/2025/02/ariana-garzon-3.jpg</guid>
  <description/>
  <content:encoded><![CDATA[]]></content:encoded>
  <excerpt:encoded><![CDATA[]]></excerpt:encoded>
  <wp:post_id>27</wp:post_id>
  <wp:post_date>2025-02-10 09:00:54</wp:post_date>
  <wp:post_date_gmt>2025-02-10 14:00:54</wp:post_date_gmt>
  <wp:post_modified>2025-02-10 09:00:54</wp:post_modified>
  <wp:post_modified_gmt>2025-02-10 14:00:54</wp:post_modified_gmt>
  <wp:comment_status>open</wp:comment_status>
  <wp:ping_status>closed</wp:ping_status>
  <wp:post_name>ariana-garzon-4</wp:post_name>
  <wp:status>inherit</wp:status>
  <wp:post_parent>21</wp:post_parent>
  <wp:menu_order>0</wp:menu_order>
  <wp:post_type>attachment</wp:post_type>
  <wp:post_password/>
  <wp:is_sticky>0</wp:is_sticky>
  <wp:attachment_url>https://arianagarzoncedeno.wordpress.com/wp-content/uploads/2025/02/ariana-garzon-3.jpg</wp:attachment_url>
  <wp:postmeta>
    <wp:meta_key>_wp_attached_file</wp:meta_key>
    <wp:meta_value><![CDATA[/home/wpcom/public_html/wp-content/blogs.dir/e39/241162031/files/2025/02/ariana-garzon-3.jpg]]></wp:meta_value>
  </wp:postmeta>
  <wp:postmeta>
    <wp:meta_key>_wp_attachment_metadata</wp:meta_key>
    <wp:meta_value><![CDATA[a:6:{s:5:"width";i:720;s:6:"height";i:1032;s:4:"file";s:92:"/home/wpcom/public_html/wp-content/blogs.dir/e39/241162031/files/2025/02/ariana-garzon-3.jpg";s:8:"filesize";i:58137;s:5:"sizes";a:0:{}s:10:"image_meta";a:12:{s:8:"aperture";s:1:"0";s:6:"credit";s:0:"";s:6:"camera";s:0:"";s:7:"caption";s:0:"";s:17:"created_timestamp";s:1:"0";s:9:"copyright";s:0:"";s:12:"focal_length";s:1:"0";s:3:"iso";s:1:"0";s:13:"shutter_speed";s:1:"0";s:5:"title";s:0:"";s:11:"orientation";s:1:"0";s:8:"keywords";a:0:{}}}]]></wp:meta_value>
  </wp:postmeta>
</item>
<item>
  <title><![CDATA[ariana-garzon]]></title>
  <link>https://arianagarzoncedeno.wordpress.com/inicio/ariana-garzon-5/</link>
  <pubDate>Mon, 10 Feb 2025 14:01:53 +0000</pubDate>
  <dc:creator>arianagarzon123</dc:creator>
  <guid isPermaLink="false">http://arianagarzoncedeno.files.wordpress.com/2025/02/ariana-garzon-4.jpg</guid>
  <description/>
  <content:encoded><![CDATA[]]></content:encoded>
  <excerpt:encoded><![CDATA[]]></excerpt:encoded>
  <wp:post_id>28</wp:post_id>
  <wp:post_date>2025-02-10 09:01:53</wp:post_date>
  <wp:post_date_gmt>2025-02-10 14:01:53</wp:post_date_gmt>
  <wp:post_modified>2025-02-10 09:01:53</wp:post_modified>
  <wp:post_modified_gmt>2025-02-10 14:01:53</wp:post_modified_gmt>
  <wp:comment_status>open</wp:comment_status>
  <wp:ping_status>closed</wp:ping_status>
  <wp:post_name>ariana-garzon-5</wp:post_name>
  <wp:status>inherit</wp:status>
  <wp:post_parent>21</wp:post_parent>
  <wp:menu_order>0</wp:menu_order>
  <wp:post_type>attachment</wp:post_type>
  <wp:post_password/>
  <wp:is_sticky>0</wp:is_sticky>
  <wp:attachment_url>https://arianagarzoncedeno.wordpress.com/wp-content/uploads/2025/02/ariana-garzon-4.jpg</wp:attachment_url>
  <wp:postmeta>
    <wp:meta_key>_wp_attached_file</wp:meta_key>
    <wp:meta_value><![CDATA[/home/wpcom/public_html/wp-content/blogs.dir/e39/241162031/files/2025/02/ariana-garzon-4.jpg]]></wp:meta_value>
  </wp:postmeta>
  <wp:postmeta>
    <wp:meta_key>_wp_attachment_metadata</wp:meta_key>
    <wp:meta_value><![CDATA[a:6:{s:5:"width";i:665;s:6:"height";i:973;s:4:"file";s:92:"/home/wpcom/public_html/wp-content/blogs.dir/e39/241162031/files/2025/02/ariana-garzon-4.jpg";s:8:"filesize";i:77635;s:5:"sizes";a:0:{}s:10:"image_meta";a:12:{s:8:"aperture";s:1:"0";s:6:"credit";s:0:"";s:6:"camera";s:0:"";s:7:"caption";s:0:"";s:17:"created_timestamp";s:1:"0";s:9:"copyright";s:0:"";s:12:"focal_length";s:1:"0";s:3:"iso";s:1:"0";s:13:"shutter_speed";s:1:"0";s:5:"title";s:0:"";s:11:"orientation";s:1:"0";s:8:"keywords";a:0:{}}}]]></wp:meta_value>
  </wp:postmeta>
</item>
<item>
  <title><![CDATA[Sunset over ancient ruins, reflecting on tranquil water, a spiritual scene generated by AI]]></title>
  <link>https://arianagarzoncedeno.wordpress.com/inicio/sunset-over-ancient-ruins-reflecting-on-tranquil-water-a-spiritual-scene-generated-by-ai/</link>
  <pubDate>Mon, 10 Feb 2025 14:03:58 +0000</pubDate>
  <dc:creator>arianagarzon123</dc:creator>
  <guid isPermaLink="false">http://arianagarzoncedeno.files.wordpress.com/2025/02/ariana-garzon2.jpg</guid>
  <description/>
  <content:encoded><![CDATA[]]></content:encoded>
  <excerpt:encoded><![CDATA[Sunset over ancient ruins, reflecting on tranquil water, a spiritual scene generated by artificial intelligence]]></excerpt:encoded>
  <wp:post_id>29</wp:post_id>
  <wp:post_date>2025-02-10 09:03:58</wp:post_date>
  <wp:post_date_gmt>2025-02-10 14:03:58</wp:post_date_gmt>
  <wp:post_modified>2025-02-10 09:03:58</wp:post_modified>
  <wp:post_modified_gmt>2025-02-10 14:03:58</wp:post_modified_gmt>
  <wp:comment_status>open</wp:comment_status>
  <wp:ping_status>closed</wp:ping_status>
  <wp:post_name>sunset-over-ancient-ruins-reflecting-on-tranquil-water-a-spiritual-scene-generated-by-ai</wp:post_name>
  <wp:status>inherit</wp:status>
  <wp:post_parent>21</wp:post_parent>
  <wp:menu_order>0</wp:menu_order>
  <wp:post_type>attachment</wp:post_type>
  <wp:post_password/>
  <wp:is_sticky>0</wp:is_sticky>
  <wp:attachment_url>https://arianagarzoncedeno.wordpress.com/wp-content/uploads/2025/02/ariana-garzon2.jpg</wp:attachment_url>
  <wp:postmeta>
    <wp:meta_key>_wp_attached_file</wp:meta_key>
    <wp:meta_value><![CDATA[/home/wpcom/public_html/wp-content/blogs.dir/e39/241162031/files/2025/02/ariana-garzon2.jpg]]></wp:meta_value>
  </wp:postmeta>
  <wp:postmeta>
    <wp:meta_key>_wp_attachment_metadata</wp:meta_key>
    <wp:meta_value><![CDATA[a:6:{s:5:"width";i:6067;s:6:"height";i:3467;s:4:"file";s:91:"/home/wpcom/public_html/wp-content/blogs.dir/e39/241162031/files/2025/02/ariana-garzon2.jpg";s:8:"filesize";i:7694219;s:5:"sizes";a:0:{}s:10:"image_meta";a:12:{s:8:"aperture";s:1:"0";s:6:"credit";s:0:"";s:6:"camera";s:0:"";s:7:"caption";s:111:"Sunset over ancient ruins, reflecting on tranquil water, a spiritual scene generated by artificial intelligence";s:17:"created_timestamp";s:1:"0";s:9:"copyright";s:0:"";s:12:"focal_length";s:1:"0";s:3:"iso";s:1:"0";s:13:"shutter_speed";s:1:"0";s:5:"title";s:90:"Sunset over ancient ruins, reflecting on tranquil water, a spiritual scene generated by AI";s:11:"orientation";s:1:"1";s:8:"keywords";a:44:{i:0;s:6:"sunset";i:1;s:4:"dusk";i:2;s:6:"nature";i:3;s:5:"night";i:4;s:9:"landscape";i:5;s:5:"water";i:6;s:12:"architecture";i:7;s:19:"travel destinations";i:8;s:7:"sunrise";i:9;s:4:"dawn";i:10;s:12:"famous place";i:11;s:6:"travel";i:12;s:3:"sun";i:13;s:6:"summer";i:14;s:8:"religion";i:15;s:8:"cultures";i:16;s:9:"vacations";i:17;s:16:"tropical climate";i:18;s:7:"tourism";i:19;s:8:"sunlight";i:20;s:16:"beauty in nature";i:21;s:3:"old";i:22;s:15:"built structure";i:23;s:4:"sand";i:24;s:5:"cloud";i:25;s:3:"sky";i:26;s:8:"old ruin";i:27;s:17:"building exterior";i:28;s:7:"history";i:29;s:10:"reflection";i:30;s:7:"ancient";i:31;s:9:"palm tree";i:32;s:14:"tranquil scene";i:33;s:12:"spirituality";i:34;s:7:"pyramid";i:35;s:9:"coastline";i:36;s:4:"tree";i:37;s:3:"hut";i:38;s:8:"seascape";i:39;s:4:"wood";i:40;s:4:"rock";i:41;s:10:"silhouette";i:42;s:4:"dark";i:43;s:13:"generative Ai";}}}]]></wp:meta_value>
  </wp:postmeta>
</item>
<item>
  <title><![CDATA[ariana-garzon]]></title>
  <link>https://arianagarzoncedeno.wordpress.com/inicio/ariana-garzon-6/</link>
  <pubDate>Mon, 10 Feb 2025 14:04:41 +0000</pubDate>
  <dc:creator>arianagarzon123</dc:creator>
  <guid isPermaLink="false">http://arianagarzoncedeno.files.wordpress.com/2025/02/ariana-garzon-5.jpg</guid>
  <description/>
  <content:encoded><![CDATA[]]></content:encoded>
  <excerpt:encoded><![CDATA[]]></excerpt:encoded>
  <wp:post_id>30</wp:post_id>
  <wp:post_date>2025-02-10 09:04:41</wp:post_date>
  <wp:post_date_gmt>2025-02-10 14:04:41</wp:post_date_gmt>
  <wp:post_modified>2025-02-10 09:04:41</wp:post_modified>
  <wp:post_modified_gmt>2025-02-10 14:04:41</wp:post_modified_gmt>
  <wp:comment_status>open</wp:comment_status>
  <wp:ping_status>closed</wp:ping_status>
  <wp:post_name>ariana-garzon-6</wp:post_name>
  <wp:status>inherit</wp:status>
  <wp:post_parent>21</wp:post_parent>
  <wp:menu_order>0</wp:menu_order>
  <wp:post_type>attachment</wp:post_type>
  <wp:post_password/>
  <wp:is_sticky>0</wp:is_sticky>
  <wp:attachment_url>https://arianagarzoncedeno.wordpress.com/wp-content/uploads/2025/02/ariana-garzon-5.jpg</wp:attachment_url>
  <wp:postmeta>
    <wp:meta_key>_wp_attached_file</wp:meta_key>
    <wp:meta_value><![CDATA[/home/wpcom/public_html/wp-content/blogs.dir/e39/241162031/files/2025/02/ariana-garzon-5.jpg]]></wp:meta_value>
  </wp:postmeta>
  <wp:postmeta>
    <wp:meta_key>_wp_attachment_metadata</wp:meta_key>
    <wp:meta_value><![CDATA[a:6:{s:5:"width";i:606;s:6:"height";i:924;s:4:"file";s:92:"/home/wpcom/public_html/wp-content/blogs.dir/e39/241162031/files/2025/02/ariana-garzon-5.jpg";s:8:"filesize";i:74480;s:5:"sizes";a:0:{}s:10:"image_meta";a:12:{s:8:"aperture";s:1:"0";s:6:"credit";s:0:"";s:6:"camera";s:0:"";s:7:"caption";s:0:"";s:17:"created_timestamp";s:1:"0";s:9:"copyright";s:0:"";s:12:"focal_length";s:1:"0";s:3:"iso";s:1:"0";s:13:"shutter_speed";s:1:"0";s:5:"title";s:0:"";s:11:"orientation";s:1:"0";s:8:"keywords";a:0:{}}}]]></wp:meta_value>
  </wp:postmeta>
</item>
<item>
  <title><![CDATA[ariana-garzon]]></title>
  <link>https://arianagarzoncedeno.wordpress.com/about/ariana-garzon-7/</link>
  <pubDate>Mon, 10 Feb 2025 14:41:37 +0000</pubDate>
  <dc:creator>arianagarzon123</dc:creator>
  <guid isPermaLink="false">http://arianagarzoncedeno.files.wordpress.com/2025/02/ariana-garzon-6.jpg</guid>
  <description/>
  <content:encoded><![CDATA[]]></content:encoded>
  <excerpt:encoded><![CDATA[]]></excerpt:encoded>
  <wp:post_id>44</wp:post_id>
  <wp:post_date>2025-02-10 09:41:37</wp:post_date>
  <wp:post_date_gmt>2025-02-10 14:41:37</wp:post_date_gmt>
  <wp:post_modified>2025-02-10 09:41:37</wp:post_modified>
  <wp:post_modified_gmt>2025-02-10 14:41:37</wp:post_modified_gmt>
  <wp:comment_status>open</wp:comment_status>
  <wp:ping_status>closed</wp:ping_status>
  <wp:post_name>ariana-garzon-7</wp:post_name>
  <wp:status>inherit</wp:status>
  <wp:post_parent>1</wp:post_parent>
  <wp:menu_order>0</wp:menu_order>
  <wp:post_type>attachment</wp:post_type>
  <wp:post_password/>
  <wp:is_sticky>0</wp:is_sticky>
  <wp:attachment_url>https://arianagarzoncedeno.wordpress.com/wp-content/uploads/2025/02/ariana-garzon-6.jpg</wp:attachment_url>
  <wp:postmeta>
    <wp:meta_key>_wp_attached_file</wp:meta_key>
    <wp:meta_value><![CDATA[/home/wpcom/public_html/wp-content/blogs.dir/e39/241162031/files/2025/02/ariana-garzon-6.jpg]]></wp:meta_value>
  </wp:postmeta>
  <wp:postmeta>
    <wp:meta_key>_wp_attachment_metadata</wp:meta_key>
    <wp:meta_value><![CDATA[a:6:{s:5:"width";i:606;s:6:"height";i:924;s:4:"file";s:92:"/home/wpcom/public_html/wp-content/blogs.dir/e39/241162031/files/2025/02/ariana-garzon-6.jpg";s:8:"filesize";i:74480;s:5:"sizes";a:0:{}s:10:"image_meta";a:12:{s:8:"aperture";s:1:"0";s:6:"credit";s:0:"";s:6:"camera";s:0:"";s:7:"caption";s:0:"";s:17:"created_timestamp";s:1:"0";s:9:"copyright";s:0:"";s:12:"focal_length";s:1:"0";s:3:"iso";s:1:"0";s:13:"shutter_speed";s:1:"0";s:5:"title";s:0:"";s:11:"orientation";s:1:"0";s:8:"keywords";a:0:{}}}]]></wp:meta_value>
  </wp:postmeta>
</item>
<item>
  <title><![CDATA[contacto]]></title>
  <link>https://arianagarzoncedeno.wordpress.com/?page_id=41</link>
  <pubDate>Mon, 10 Feb 2025 20:57:32 +0000</pubDate>
  <dc:creator>arianagarzon123</dc:creator>
  <guid isPermaLink="false">https://arianagarzoncedeno.wordpress.com/?page_id=41</guid>
  <description/>
  <content:encoded><![CDATA[]]></content:encoded>
  <excerpt:encoded><![CDATA[]]></excerpt:encoded>
  <wp:post_id>41</wp:post_id>
  <wp:post_date>2025-02-10 15:57:32</wp:post_date>
  <wp:post_date_gmt>2025-02-10 20:57:32</wp:post_date_gmt>
  <wp:post_modified>2025-02-10 15:57:32</wp:post_modified>
  <wp:post_modified_gmt>2025-02-10 20:57:32</wp:post_modified_gmt>
  <wp:comment_status>closed</wp:comment_status>
  <wp:ping_status>closed</wp:ping_status>
  <wp:post_name>__trashed</wp:post_name>
  <wp:status>trash</wp:status>
  <wp:post_parent>0</wp:post_parent>
  <wp:menu_order>0</wp:menu_order>
  <wp:post_type>page</wp:post_type>
  <wp:post_password/>
  <wp:is_sticky>0</wp:is_sticky>
  <wp:postmeta>
    <wp:meta_key>_g_feedback_shortcode_e9fc77de0bcee30bcdf2dcfb6cc1a422056a9287</wp:meta_key>
    <wp:meta_value><![CDATA[
				[contact-field label="Nombre" type="name"  required="true" /]
				[contact-field label="Correo electrónico" type="email" required="true" /]
				[contact-field label="Web" type="url" /]
				[contact-field label="Mensaje" type="textarea" /]]]></wp:meta_value>
  </wp:postmeta>
  <wp:postmeta>
    <wp:meta_key>_g_feedback_shortcode_atts_e9fc77de0bcee30bcdf2dcfb6cc1a422056a9287</wp:meta_key>
    <wp:meta_value><![CDATA[a:17:{s:2:"to";s:25:"arianagarzon123@gmail.com";s:7:"subject";s:25:"[Ariana Garzón] contacto";s:12:"show_subject";s:2:"no";s:6:"widget";i:0;s:14:"block_template";N;s:19:"block_template_part";N;s:2:"id";i:41;s:18:"submit_button_text";s:6:"Enviar";s:14:"customThankyou";s:0:"";s:21:"customThankyouHeading";s:24:"Se ha enviado tu mensaje";s:21:"customThankyouMessage";s:24:"¡Gracias por tu envío!";s:22:"customThankyouRedirect";s:0:"";s:10:"jetpackCRM";b:1;s:9:"className";N;s:9:"postToUrl";N;s:14:"salesforceData";N;s:12:"hiddenFields";N;}]]></wp:meta_value>
  </wp:postmeta>
  <wp:postmeta>
    <wp:meta_key>_last_editor_used_jetpack</wp:meta_key>
    <wp:meta_value><![CDATA[block-editor]]></wp:meta_value>
  </wp:postmeta>
  <wp:postmeta>
    <wp:meta_key>_wp_trash_meta_status</wp:meta_key>
    <wp:meta_value><![CDATA[draft]]></wp:meta_value>
  </wp:postmeta>
  <wp:postmeta>
    <wp:meta_key>_wp_trash_meta_time</wp:meta_key>
    <wp:meta_value><![CDATA[1739221052]]></wp:meta_value>
  </wp:postmeta>
  <wp:postmeta>
    <wp:meta_key>_wp_desired_post_slug</wp:meta_key>
    <wp:meta_value><![CDATA[]]></wp:meta_value>
  </wp:postmeta>
</item>
<item>
  <title><![CDATA[Contacto 3]]></title>
  <link>https://arianagarzoncedeno.wordpress.com/contacto-3/</link>
  <pubDate>Mon, 10 Feb 2025 14:51:53 +0000</pubDate>
  <dc:creator>arianagarzon123</dc:creator>
  <guid isPermaLink="false">https://arianagarzoncedeno.wordpress.com/?page_id=51</guid>
  <description/>
  <content:encoded><![CDATA[<!-- wp:group {"metadata":{"name":"Contact"},"align":"full","style":{"spacing":{"margin":{"top":"0","bottom":"0"},"padding":{"top":"var:preset|spacing|50","bottom":"var:preset|spacing|50"}}},"layout":{"type":"constrained","justifyContent":"center"}} -->
<div class="wp-block-group alignfull" style="margin-top:0;margin-bottom:0;padding-top:var(--wp--preset--spacing--50);padding-bottom:var(--wp--preset--spacing--50)"><!-- wp:columns {"align":"wide"} -->
<div class="wp-block-columns alignwide"><!-- wp:column {"verticalAlignment":"center","width":""} -->
<div class="wp-block-column is-vertically-aligned-center"><!-- wp:heading {"fontSize":"x-large"} -->
<h2 class="wp-block-heading has-x-large-font-size">Contáctate con nosotros</h2>
<!-- /wp:heading -->

<!-- wp:paragraph {"className":"is-contact-description"} -->
<p class="is-contact-description">Llena este formulario para obtener más información.</p>
<!-- /wp:paragraph -->

<!-- wp:spacer {"height":"calc( 0.25 * var(\u002d\u002dwp\u002d\u002dstyle\u002d\u002droot\u002d\u002dpadding-right, var(\u002d\u002dwp\u002d\u002dcustom\u002d\u002dgap\u002d\u002dhorizontal)))"} -->
<div style="height:calc( 0.25 * var(--wp--style--root--padding-right, var(--wp--custom--gap--horizontal)))" aria-hidden="true" class="wp-block-spacer"></div>
<!-- /wp:spacer -->

<!-- wp:jetpack/contact-form {"subject":"","to":"","className":"is-style-default","textColor":"primary","style":{"elements":{"link":{"color":{"text":"var:preset|color|primary"}}}}} -->
<div class="wp-block-jetpack-contact-form is-style-default has-primary-color has-text-color has-link-color"><!-- wp:jetpack/field-name {"required":true,"placeholder":"Ariana Garzón","borderRadius":5,"borderWidth":1} /-->

<!-- wp:jetpack/field-email {"required":true,"placeholder":"arianagarzon123@gmail.com","borderRadius":5,"borderWidth":1} /-->

<!-- wp:jetpack/field-textarea {"label":"Mensaje","borderRadius":5,"borderWidth":1} /-->

<!-- wp:jetpack/button {"element":"button","text":"Enviar","width":"","lock":{"remove":true}} /--></div>
<!-- /wp:jetpack/contact-form --></div>
<!-- /wp:column -->

<!-- wp:column -->
<div class="wp-block-column"><!-- wp:image {"lightbox":{"enabled":false},"id":59,"aspectRatio":"3/4","scale":"cover","sizeSlug":"full","linkDestination":"none"} -->
<figure class="wp-block-image size-full"><img src="https://arianagarzoncedeno.wordpress.com/wp-content/uploads/2025/02/ariana-garzon3.jpg" alt="" class="wp-image-59" style="aspect-ratio:3/4;object-fit:cover" /></figure>
<!-- /wp:image --></div>
<!-- /wp:column --></div>
<!-- /wp:columns --></div>
<!-- /wp:group -->

<!-- wp:html -->
[googlemaps https://www.google.com/maps/embed?pb=!1m18!1m12!1m3!1d3989.803625919993!2d-78.49096462635914!3d-0.15550253543280265!2m3!1f0!2f0!3f0!3m2!1i1024!2i768!4f13.1!3m3!1m2!1s0x91d59aba9e05e6a1%3A0x606478970ed82284!2sInstituto%20Superior%20Tecnol%C3%B3gico%20Cordillera!5e0!3m2!1ses!2sec!4v1739239484288!5m2!1ses!2sec&amp;w=600&amp;h=450]
<!-- /wp:html -->

<!-- wp:paragraph -->
<p></p>
<!-- /wp:paragraph -->]]></content:encoded>
  <excerpt:encoded><![CDATA[]]></excerpt:encoded>
  <wp:post_id>51</wp:post_id>
  <wp:post_date>2025-02-10 09:51:53</wp:post_date>
  <wp:post_date_gmt>2025-02-10 14:51:53</wp:post_date_gmt>
  <wp:post_modified>2025-02-10 21:17:28</wp:post_modified>
  <wp:post_modified_gmt>2025-02-11 02:17:28</wp:post_modified_gmt>
  <wp:comment_status>closed</wp:comment_status>
  <wp:ping_status>closed</wp:ping_status>
  <wp:post_name>contacto-3</wp:post_name>
  <wp:status>publish</wp:status>
  <wp:post_parent>0</wp:post_parent>
  <wp:menu_order>0</wp:menu_order>
  <wp:post_type>page</wp:post_type>
  <wp:post_password/>
  <wp:is_sticky>0</wp:is_sticky>
  <wp:postmeta>
    <wp:meta_key>_g_feedback_shortcode_39532f85694c79085b0f215ba56ddfd59f7f559f</wp:meta_key>
    <wp:meta_value><![CDATA[
				[contact-field label="Nombre" type="name"  required="true" /]
				[contact-field label="Correo electrónico" type="email" required="true" /]
				[contact-field label="Web" type="url" /]
				[contact-field label="Mensaje" type="textarea" /]]]></wp:meta_value>
  </wp:postmeta>
  <wp:postmeta>
    <wp:meta_key>_g_feedback_shortcode_atts_39532f85694c79085b0f215ba56ddfd59f7f559f</wp:meta_key>
    <wp:meta_value><![CDATA[a:17:{s:2:"to";s:25:"arianagarzon123@gmail.com";s:7:"subject";s:27:"[Ariana Garzón] Contacto 3";s:12:"show_subject";s:2:"no";s:6:"widget";i:0;s:14:"block_template";N;s:19:"block_template_part";N;s:2:"id";i:51;s:18:"submit_button_text";s:6:"Enviar";s:14:"customThankyou";s:0:"";s:21:"customThankyouHeading";s:24:"Se ha enviado tu mensaje";s:21:"customThankyouMessage";s:24:"¡Gracias por tu envío!";s:22:"customThankyouRedirect";s:0:"";s:10:"jetpackCRM";b:1;s:9:"className";N;s:9:"postToUrl";N;s:14:"salesforceData";N;s:12:"hiddenFields";N;}]]></wp:meta_value>
  </wp:postmeta>
  <wp:postmeta>
    <wp:meta_key>_last_editor_used_jetpack</wp:meta_key>
    <wp:meta_value><![CDATA[block-editor]]></wp:meta_value>
  </wp:postmeta>
  <wp:postmeta>
    <wp:meta_key>_publicize_pending</wp:meta_key>
    <wp:meta_value><![CDATA[1]]></wp:meta_value>
  </wp:postmeta>
  <wp:postmeta>
    <wp:meta_key>advanced_seo_description</wp:meta_key>
    <wp:meta_value><![CDATA[]]></wp:meta_value>
  </wp:postmeta>
  <wp:postmeta>
    <wp:meta_key>jetpack_seo_html_title</wp:meta_key>
    <wp:meta_value><![CDATA[]]></wp:meta_value>
  </wp:postmeta>
  <wp:postmeta>
    <wp:meta_key>jetpack_seo_noindex</wp:meta_key>
    <wp:meta_value><![CDATA[]]></wp:meta_value>
  </wp:postmeta>
  <wp:postmeta>
    <wp:meta_key>_jetpack_post_was_ever_published</wp:meta_key>
    <wp:meta_value><![CDATA[]]></wp:meta_value>
  </wp:postmeta>
  <wp:postmeta>
    <wp:meta_key>reader_suggested_tags</wp:meta_key>
    <wp:meta_value><![CDATA[]]></wp:meta_value>
  </wp:postmeta>
  <wp:postmeta>
    <wp:meta_key>_starter_page_template</wp:meta_key>
    <wp:meta_value><![CDATA[contact-tall-image-with-form]]></wp:meta_value>
  </wp:postmeta>
  <wp:postmeta>
    <wp:meta_key>_wpcom_template_layout_category</wp:meta_key>
    <wp:meta_value><![CDATA[a:1:{i:0;s:7:"contact";}]]></wp:meta_value>
  </wp:postmeta>
  <wp:postmeta>
    <wp:meta_key>footnotes</wp:meta_key>
    <wp:meta_value><![CDATA[]]></wp:meta_value>
  </wp:postmeta>
  <wp:postmeta>
    <wp:meta_key>_g_feedback_shortcode_79b2e3a4b9d97ebe65d4599b1eb4ad97b8a20ceb</wp:meta_key>
    <wp:meta_value><![CDATA[
<div class="wp-block-jetpack-contact-form is-style-default has-primary-color has-text-color has-link-color">[contact-field label="Nombre" required="1" placeholder="Ariana Garzón" borderRadius="5" borderWidth="1" type="name"/]

[contact-field label="Correo electrónico" required="1" placeholder="arianagarzon123@gmail.com" borderRadius="5" borderWidth="1" type="email"/]

[contact-field label="Mensaje" borderRadius="5" borderWidth="1" type="textarea"/]

<div class="wp-block-jetpack-button wp-block-button" style="width: ;"><button class="wp-block-button__link" style="" data-id-attr="placeholder" type="submit">Enviar</button></div></div>
]]></wp:meta_value>
  </wp:postmeta>
  <wp:postmeta>
    <wp:meta_key>_g_feedback_shortcode_atts_79b2e3a4b9d97ebe65d4599b1eb4ad97b8a20ceb</wp:meta_key>
    <wp:meta_value><![CDATA[a:17:{s:2:"to";s:0:"";s:7:"subject";s:0:"";s:12:"show_subject";s:2:"no";s:6:"widget";i:0;s:14:"block_template";N;s:19:"block_template_part";N;s:2:"id";i:51;s:18:"submit_button_text";s:6:"Submit";s:14:"customThankyou";s:0:"";s:21:"customThankyouHeading";s:26:"Your message has been sent";s:21:"customThankyouMessage";s:30:"Thank you for your submission!";s:22:"customThankyouRedirect";s:0:"";s:10:"jetpackCRM";b:1;s:9:"className";s:61:"is-style-default wp-elements-859a29ba7bea11068c55c4f020f66b1f";s:9:"postToUrl";N;s:14:"salesforceData";N;s:12:"hiddenFields";N;}]]></wp:meta_value>
  </wp:postmeta>
  <wp:postmeta>
    <wp:meta_key>_elasticsearch_data_sharing_indexed_on</wp:meta_key>
    <wp:meta_value><![CDATA[2025-02-10 14:50:23]]></wp:meta_value>
  </wp:postmeta>
  <wp:postmeta>
    <wp:meta_key>_g_feedback_shortcode_93037203b3bd0ab8843bfc60d652f4efad5422d7</wp:meta_key>
    <wp:meta_value><![CDATA[
<div class="wp-block-jetpack-contact-form is-style-default has-primary-color has-text-color has-link-color">[contact-field required="1" placeholder="Ariana Garzón" borderRadius="5" borderWidth="1" type="name" label="Name"/]

[contact-field required="1" placeholder="arianagarzon123@gmail.com" borderRadius="5" borderWidth="1" type="email" label="Email"/]

[contact-field label="Mensaje" borderRadius="5" borderWidth="1" type="textarea"/]

<div class="wp-block-jetpack-button wp-block-button" style="width: ;"><button class="wp-block-button__link" style="" data-id-attr="placeholder" type="submit">Enviar</button></div></div>
]]></wp:meta_value>
  </wp:postmeta>
  <wp:postmeta>
    <wp:meta_key>_g_feedback_shortcode_atts_93037203b3bd0ab8843bfc60d652f4efad5422d7</wp:meta_key>
    <wp:meta_value><![CDATA[a:17:{s:2:"to";s:0:"";s:7:"subject";s:0:"";s:12:"show_subject";s:2:"no";s:6:"widget";i:0;s:14:"block_template";N;s:19:"block_template_part";N;s:2:"id";i:51;s:18:"submit_button_text";s:6:"Submit";s:14:"customThankyou";s:0:"";s:21:"customThankyouHeading";s:26:"Your message has been sent";s:21:"customThankyouMessage";s:30:"Thank you for your submission!";s:22:"customThankyouRedirect";s:0:"";s:10:"jetpackCRM";b:1;s:9:"className";s:61:"is-style-default wp-elements-47455e364b8e69d2953e15c66c0d10aa";s:9:"postToUrl";N;s:14:"salesforceData";N;s:12:"hiddenFields";N;}]]></wp:meta_value>
  </wp:postmeta>
</item>
<item>
  <title><![CDATA[Happy asian woman listening music with headphones]]></title>
  <link>https://arianagarzoncedeno.wordpress.com/contacto-3/happy-asian-woman-listening-music-with-headphones/</link>
  <pubDate>Mon, 10 Feb 2025 19:41:40 +0000</pubDate>
  <dc:creator>arianagarzon123</dc:creator>
  <guid isPermaLink="false">http://arianagarzoncedeno.files.wordpress.com/2025/02/happy-asian-woman-listening-music-with-headphones.jpg</guid>
  <description/>
  <content:encoded><![CDATA[]]></content:encoded>
  <excerpt:encoded><![CDATA[Picture of young happy asian woman listening music with headphones standing isolated over white background. Looking camera.]]></excerpt:encoded>
  <wp:post_id>57</wp:post_id>
  <wp:post_date>2025-02-10 14:41:40</wp:post_date>
  <wp:post_date_gmt>2025-02-10 19:41:40</wp:post_date_gmt>
  <wp:post_modified>2025-02-10 14:41:40</wp:post_modified>
  <wp:post_modified_gmt>2025-02-10 19:41:40</wp:post_modified_gmt>
  <wp:comment_status>open</wp:comment_status>
  <wp:ping_status>closed</wp:ping_status>
  <wp:post_name>happy-asian-woman-listening-music-with-headphones</wp:post_name>
  <wp:status>inherit</wp:status>
  <wp:post_parent>51</wp:post_parent>
  <wp:menu_order>0</wp:menu_order>
  <wp:post_type>attachment</wp:post_type>
  <wp:post_password/>
  <wp:is_sticky>0</wp:is_sticky>
  <wp:attachment_url>https://arianagarzoncedeno.wordpress.com/wp-content/uploads/2025/02/happy-asian-woman-listening-music-with-headphones.jpg</wp:attachment_url>
  <wp:postmeta>
    <wp:meta_key>_wp_attached_file</wp:meta_key>
    <wp:meta_value><![CDATA[/home/wpcom/public_html/wp-content/blogs.dir/e39/241162031/files/2025/02/happy-asian-woman-listening-music-with-headphones.jpg]]></wp:meta_value>
  </wp:postmeta>
  <wp:postmeta>
    <wp:meta_key>_wp_attachment_metadata</wp:meta_key>
    <wp:meta_value><![CDATA[a:6:{s:5:"width";i:5760;s:6:"height";i:3840;s:4:"file";s:126:"/home/wpcom/public_html/wp-content/blogs.dir/e39/241162031/files/2025/02/happy-asian-woman-listening-music-with-headphones.jpg";s:8:"filesize";i:5644942;s:5:"sizes";a:0:{}s:10:"image_meta";a:12:{s:8:"aperture";s:1:"8";s:6:"credit";s:0:"";s:6:"camera";s:21:"Canon EOS 5D Mark III";s:7:"caption";s:123:"Picture of young happy asian woman listening music with headphones standing isolated over white background. Looking camera.";s:17:"created_timestamp";s:10:"1507640290";s:9:"copyright";s:0:"";s:12:"focal_length";s:2:"70";s:3:"iso";s:3:"100";s:13:"shutter_speed";s:7:"0.00625";s:5:"title";s:49:"Happy asian woman listening music with headphones";s:11:"orientation";s:1:"1";s:8:"keywords";a:34:{i:0;s:5:"adult";i:1;s:3:"arm";i:2;s:10:"attractive";i:3;s:10:"background";i:4;s:9:"beautiful";i:5;s:8:"brunette";i:6;s:8:"business";i:7;s:13:"businesswoman";i:8;s:5:"asian";i:9;s:8:"cheerful";i:10;s:9:"confident";i:11;s:7:"elegant";i:12;s:6:"female";i:13;s:8:"friendly";i:14;s:4:"girl";i:15;s:4:"hair";i:16;s:5:"happy";i:17;s:8:"isolated";i:18;s:4:"lady";i:19;s:8:"portrait";i:20;s:8:"positive";i:21;s:6:"pretty";i:22;s:7:"smiling";i:23;s:8:"standing";i:24;s:6:"trendy";i:25;s:7:"welcome";i:26;s:5:"white";i:27;s:5:"woman";i:28;s:5:"young";i:29;s:9:"listening";i:30;s:5:"music";i:31;s:10:"headphones";i:32;s:6:"camera";i:33;s:7:"looking";}}}]]></wp:meta_value>
  </wp:postmeta>
</item>
<item>
  <title><![CDATA[Happy asian woman listening music with headphones]]></title>
  <link>https://arianagarzoncedeno.wordpress.com/contacto-3/happy-asian-woman-listening-music-with-headphones-2/</link>
  <pubDate>Mon, 10 Feb 2025 20:16:24 +0000</pubDate>
  <dc:creator>arianagarzon123</dc:creator>
  <guid isPermaLink="false">http://arianagarzoncedeno.files.wordpress.com/2025/02/ariana-garzon3.jpg</guid>
  <description/>
  <content:encoded><![CDATA[]]></content:encoded>
  <excerpt:encoded><![CDATA[Picture of young happy asian woman listening music with headphones standing isolated over white background. Looking camera.]]></excerpt:encoded>
  <wp:post_id>59</wp:post_id>
  <wp:post_date>2025-02-10 15:16:24</wp:post_date>
  <wp:post_date_gmt>2025-02-10 20:16:24</wp:post_date_gmt>
  <wp:post_modified>2025-02-10 15:16:24</wp:post_modified>
  <wp:post_modified_gmt>2025-02-10 20:16:24</wp:post_modified_gmt>
  <wp:comment_status>open</wp:comment_status>
  <wp:ping_status>closed</wp:ping_status>
  <wp:post_name>happy-asian-woman-listening-music-with-headphones-2</wp:post_name>
  <wp:status>inherit</wp:status>
  <wp:post_parent>51</wp:post_parent>
  <wp:menu_order>0</wp:menu_order>
  <wp:post_type>attachment</wp:post_type>
  <wp:post_password/>
  <wp:is_sticky>0</wp:is_sticky>
  <wp:attachment_url>https://arianagarzoncedeno.wordpress.com/wp-content/uploads/2025/02/ariana-garzon3.jpg</wp:attachment_url>
  <wp:postmeta>
    <wp:meta_key>_wp_attached_file</wp:meta_key>
    <wp:meta_value><![CDATA[/home/wpcom/public_html/wp-content/blogs.dir/e39/241162031/files/2025/02/ariana-garzon3.jpg]]></wp:meta_value>
  </wp:postmeta>
  <wp:postmeta>
    <wp:meta_key>_wp_attachment_metadata</wp:meta_key>
    <wp:meta_value><![CDATA[a:6:{s:5:"width";i:5760;s:6:"height";i:3840;s:4:"file";s:91:"/home/wpcom/public_html/wp-content/blogs.dir/e39/241162031/files/2025/02/ariana-garzon3.jpg";s:8:"filesize";i:5644942;s:5:"sizes";a:0:{}s:10:"image_meta";a:12:{s:8:"aperture";s:1:"8";s:6:"credit";s:0:"";s:6:"camera";s:21:"Canon EOS 5D Mark III";s:7:"caption";s:123:"Picture of young happy asian woman listening music with headphones standing isolated over white background. Looking camera.";s:17:"created_timestamp";s:10:"1507640290";s:9:"copyright";s:0:"";s:12:"focal_length";s:2:"70";s:3:"iso";s:3:"100";s:13:"shutter_speed";s:7:"0.00625";s:5:"title";s:49:"Happy asian woman listening music with headphones";s:11:"orientation";s:1:"1";s:8:"keywords";a:34:{i:0;s:5:"adult";i:1;s:3:"arm";i:2;s:10:"attractive";i:3;s:10:"background";i:4;s:9:"beautiful";i:5;s:8:"brunette";i:6;s:8:"business";i:7;s:13:"businesswoman";i:8;s:5:"asian";i:9;s:8:"cheerful";i:10;s:9:"confident";i:11;s:7:"elegant";i:12;s:6:"female";i:13;s:8:"friendly";i:14;s:4:"girl";i:15;s:4:"hair";i:16;s:5:"happy";i:17;s:8:"isolated";i:18;s:4:"lady";i:19;s:8:"portrait";i:20;s:8:"positive";i:21;s:6:"pretty";i:22;s:7:"smiling";i:23;s:8:"standing";i:24;s:6:"trendy";i:25;s:7:"welcome";i:26;s:5:"white";i:27;s:5:"woman";i:28;s:5:"young";i:29;s:9:"listening";i:30;s:5:"music";i:31;s:10:"headphones";i:32;s:6:"camera";i:33;s:7:"looking";}}}]]></wp:meta_value>
  </wp:postmeta>
</item>
  </channel>
</rss>
